Actor,ActorLink,EpisodeCount,EpisodeCountLink,Role,RoleLink
"Jennifer Aniston","http://www.imdb.com/name/nm0000098/?ref_=ttfc_fc_cl_t1","238","http://www.imdb.com/character/ch0007142/?ref_=ttfc_fc_cl_t1","Rachel Green","http://www.imdb.com/character/ch0007142/?ref_=ttfc_fc_cl_t1"
"Courteney Cox","http://www.imdb.com/name/nm0001073/?ref_=ttfc_fc_cl_t2","238","http://www.imdb.com/character/ch0007149/?ref_=ttfc_fc_cl_t2","Monica Geller","http://www.imdb.com/character/ch0007149/?ref_=ttfc_fc_cl_t2"
"Lisa Kudrow","http://www.imdb.com/name/nm0001435/?ref_=ttfc_fc_cl_t3","238","http://www.imdb.com/character/ch0007157/?ref_=ttfc_fc_cl_t3","Phoebe Buffay","http://www.imdb.com/character/ch0007157/?ref_=ttfc_fc_cl_t3"
"Matt LeBlanc","http://www.imdb.com/name/nm0001455/?ref_=ttfc_fc_cl_t4","238","http://www.imdb.com/character/ch0007159/?ref_=ttfc_fc_cl_t4","Joey Tribbiani","http://www.imdb.com/character/ch0007159/?ref_=ttfc_fc_cl_t4"
"Matthew Perry","http://www.imdb.com/name/nm0001612/?ref_=ttfc_fc_cl_t5","238","http://www.imdb.com/character/ch0007147/?ref_=ttfc_fc_cl_t5","Chandler Bing","http://www.imdb.com/character/ch0007147/?ref_=ttfc_fc_cl_t5"
"David Schwimmer","http://www.imdb.com/name/nm0001710/?ref_=ttfc_fc_cl_t6","238","http://www.imdb.com/character/ch0007153/?ref_=ttfc_fc_cl_t6","Dr. Ross Geller","http://www.imdb.com/character/ch0007153/?ref_=ttfc_fc_cl_t6"
"James Michael Tyler","http://www.imdb.com/name/nm0878837/?ref_=ttfc_fc_cl_t7","148","http://www.imdb.com/character/ch0007169/?ref_=ttfc_fc_cl_t7","Gunther","http://www.imdb.com/character/ch0007169/?ref_=ttfc_fc_cl_t7"
"Elliott Gould","http://www.imdb.com/name/nm0001285/?ref_=ttfc_fc_cl_t8","21","http://www.imdb.com/character/ch0007165/?ref_=ttfc_fc_cl_t8","Jack Geller","http://www.imdb.com/character/ch0007165/?ref_=ttfc_fc_cl_t8"
"Christina Pickles","http://www.imdb.com/name/nm0681943/?ref_=ttfc_fc_cl_t9","20","http://www.imdb.com/character/ch0007174/?ref_=ttfc_fc_cl_t9","Judy Geller","http://www.imdb.com/character/ch0007174/?ref_=ttfc_fc_cl_t9"
"Paul Rudd","http://www.imdb.com/name/nm0748620/?ref_=ttfc_fc_cl_t10","19","http://www.imdb.com/character/ch0007146/?ref_=ttfc_fc_cl_t10","Mike Hannigan","http://www.imdb.com/character/ch0007146/?ref_=ttfc_fc_cl_t10"
"Maggie Wheeler","http://www.imdb.com/name/nm0923909/?ref_=ttfc_fc_cl_t11","19","http://www.imdb.com/character/ch0007170/?ref_=ttfc_fc_cl_t11","Janice Litman","http://www.imdb.com/character/ch0007170/?ref_=ttfc_fc_cl_t11"
"Jane Sibbett","http://www.imdb.com/name/nm0796235/?ref_=ttfc_fc_cl_t12","15","http://www.imdb.com/character/ch0029173/?ref_=ttfc_fc_cl_t12","Carol Willick","http://www.imdb.com/character/ch0029173/?ref_=ttfc_fc_cl_t12"
"Helen Baxendale","http://www.imdb.com/name/nm0062636/?ref_=ttfc_fc_cl_t13","15","http://www.imdb.com/character/ch0007172/?ref_=ttfc_fc_cl_t13","Emily Waltham","http://www.imdb.com/character/ch0007172/?ref_=ttfc_fc_cl_t13"
"Jessica Hecht","http://www.imdb.com/name/nm0372961/?ref_=ttfc_fc_cl_t14","12","http://www.imdb.com/character/ch0007173/?ref_=ttfc_fc_cl_t14","Susan Bunch","http://www.imdb.com/character/ch0007173/?ref_=ttfc_fc_cl_t14"
"June Gable","http://www.imdb.com/name/nm0300096/?ref_=ttfc_fc_cl_t15","11","http://www.imdb.com/character/ch0029359/?ref_=ttfc_fc_cl_t15","Estelle Leonard","http://www.imdb.com/character/ch0029359/?ref_=ttfc_fc_cl_t15"
"Tom Selleck","http://www.imdb.com/name/nm0000633/?ref_=ttfc_fc_cl_t16","10","http://www.imdb.com/character/ch0007155/?ref_=ttfc_fc_cl_t16","Dr. Richard Burke","http://www.imdb.com/character/ch0007155/?ref_=ttfc_fc_cl_t16"
"Giovanni Ribisi","http://www.imdb.com/name/nm0000610/?ref_=ttfc_fc_cl_t17","10","http://www.imdb.com/character/ch0007152/?ref_=ttfc_fc_cl_t17","Frank Buffay Jr.","http://www.imdb.com/character/ch0007152/?ref_=ttfc_fc_cl_t17"
"Aisha Tyler","http://www.imdb.com/name/nm0878768/?ref_=ttfc_fc_cl_t18","9","http://www.imdb.com/character/ch0007162/?ref_=ttfc_fc_cl_t18","Charlie Wheeler","http://www.imdb.com/character/ch0007162/?ref_=ttfc_fc_cl_t18"
"Lauren Tom","http://www.imdb.com/name/nm0866300/?ref_=ttfc_fc_cl_t19","7","http://www.imdb.com/character/ch0052986/?ref_=ttfc_fc_cl_t19","Julie","http://www.imdb.com/character/ch0052986/?ref_=ttfc_fc_cl_t19"
"Eddie Cahill","http://www.imdb.com/name/nm0128655/?ref_=ttfc_fc_cl_t20","7","http://www.imdb.com/character/ch0029133/?ref_=ttfc_fc_cl_t20","Tag Jones","http://www.imdb.com/character/ch0029133/?ref_=ttfc_fc_cl_t20"
"Bonnie Somerville","http://www.imdb.com/name/nm0813887/?ref_=ttfc_fc_cl_t21","7","http://www.imdb.com/character/ch0039290/?ref_=ttfc_fc_cl_t21","Mona","http://www.imdb.com/character/ch0039290/?ref_=ttfc_fc_cl_t21"
"Cole Sprouse","http://www.imdb.com/name/nm0819850/?ref_=ttfc_fc_cl_t22","7","http://www.imdb.com/character/ch0007154/?ref_=ttfc_fc_cl_t22","Ben Geller","http://www.imdb.com/character/ch0007154/?ref_=ttfc_fc_cl_t22"
"Amanda Carlin","http://www.imdb.com/name/nm0137488/?ref_=ttfc_fc_cl_t23","7","http://www.imdb.com/character/ch0007156/?ref_=ttfc_fc_cl_t23","Dr. Long","http://www.imdb.com/character/ch0007156/?ref_=ttfc_fc_cl_t23"
"Debra Jo Rupp","http://www.imdb.com/name/nm0750468/?ref_=ttfc_fc_cl_t24","7","http://www.imdb.com/character/ch0007166/?ref_=ttfc_fc_cl_t24","Alice Knight Buffay","http://www.imdb.com/character/ch0007166/?ref_=ttfc_fc_cl_t24"
"Jon Favreau","http://www.imdb.com/name/nm0269463/?ref_=ttfc_fc_cl_t25","6","http://www.imdb.com/character/ch0007161/?ref_=ttfc_fc_cl_t25","Pete Becker","http://www.imdb.com/character/ch0007161/?ref_=ttfc_fc_cl_t25"
"Steven Eckholdt","http://www.imdb.com/name/nm0248692/?ref_=ttfc_fc_cl_t26","6","http://www.imdb.com/character/ch0039714/?ref_=ttfc_fc_cl_t26","Mark Robinson","http://www.imdb.com/character/ch0039714/?ref_=ttfc_fc_cl_t26"
"Paget Brewster","http://www.imdb.com/name/nm0108295/?ref_=ttfc_fc_cl_t27","6","http://www.imdb.com/character/ch0166774/?ref_=ttfc_fc_cl_t27","Kathy","http://www.imdb.com/character/ch0166774/?ref_=ttfc_fc_cl_t27"
"Mitchell Whitfield","http://www.imdb.com/name/nm0925943/?ref_=ttfc_fc_cl_t28","6","http://www.imdb.com/character/ch0040991/?ref_=ttfc_fc_cl_t28","Barry Farber","http://www.imdb.com/character/ch0040991/?ref_=ttfc_fc_cl_t28"
"Steve Ireland","http://www.imdb.com/name/nm0409892/?ref_=ttfc_fc_cl_t29","6","http://www.imdb.com/character/ch0039715/?ref_=ttfc_fc_cl_t29","Mr. Zelner","http://www.imdb.com/character/ch0039715/?ref_=ttfc_fc_cl_t29"
"Elle Macpherson","http://www.imdb.com/name/nm0000512/?ref_=ttfc_fc_cl_t30","6","http://www.imdb.com/character/ch0078228/?ref_=ttfc_fc_cl_t30","Janine Lecroix","http://www.imdb.com/character/ch0078228/?ref_=ttfc_fc_cl_t30"
"Hank Azaria","http://www.imdb.com/name/nm0000279/?ref_=ttfc_fc_cl_t31","5","http://www.imdb.com/character/ch0036278/?ref_=ttfc_fc_cl_t31","David","http://www.imdb.com/character/ch0036278/?ref_=ttfc_fc_cl_t31"
"Tate Donovan","http://www.imdb.com/name/nm0004883/?ref_=ttfc_fc_cl_t32","5","http://www.imdb.com/character/ch0044211/?ref_=ttfc_fc_cl_t32","Joshua Burgin","http://www.imdb.com/character/ch0044211/?ref_=ttfc_fc_cl_t32"
"Anna Faris","http://www.imdb.com/name/nm0267506/?ref_=ttfc_fc_cl_t33","5","http://www.imdb.com/character/ch0007144/?ref_=ttfc_fc_cl_t33","Erica","http://www.imdb.com/character/ch0007144/?ref_=ttfc_fc_cl_t33"
"Alexandra Holden","http://www.imdb.com/name/nm0005016/?ref_=ttfc_fc_cl_t34","5","http://www.imdb.com/character/ch0162100/?ref_=ttfc_fc_cl_t34","Elizabeth Stevens","http://www.imdb.com/character/ch0162100/?ref_=ttfc_fc_cl_t34"
"Larry Hankin","http://www.imdb.com/name/nm0359969/?ref_=ttfc_fc_cl_t35","5","http://www.imdb.com/character/ch0029360/?ref_=ttfc_fc_cl_t35","Mr. Heckles","http://www.imdb.com/character/ch0029360/?ref_=ttfc_fc_cl_t35"
"Mike Hagerty","http://www.imdb.com/name/nm0002235/?ref_=ttfc_fc_cl_t36","5","http://www.imdb.com/character/ch0007175/?ref_=ttfc_fc_cl_t36","Mr. Treeger","http://www.imdb.com/character/ch0007175/?ref_=ttfc_fc_cl_t36"
"Morgan Fairchild","http://www.imdb.com/name/nm0000392/?ref_=ttfc_fc_cl_t37","5","http://www.imdb.com/character/ch0007168/?ref_=ttfc_fc_cl_t37","Nora Tyler Bing","http://www.imdb.com/character/ch0007168/?ref_=ttfc_fc_cl_t37"
"Charles Thomas Allen","http://www.imdb.com/name/nm0020360/?ref_=ttfc_fc_cl_t38","5","http://www.imdb.com/character/ch0007154/?ref_=ttfc_fc_cl_t38","Ben Geller","http://www.imdb.com/character/ch0007154/?ref_=ttfc_fc_cl_t38"
"John Christopher Allen","http://www.imdb.com/name/nm0020679/?ref_=ttfc_fc_cl_t39","5","http://www.imdb.com/character/ch0007154/?ref_=ttfc_fc_cl_t39","Ben Geller","http://www.imdb.com/character/ch0007154/?ref_=ttfc_fc_cl_t39"
"Cynthia Mann","http://www.imdb.com/name/nm0542699/?ref_=ttfc_fc_cl_t40","5",""
"Michael Rapaport","http://www.imdb.com/name/nm0001650/?ref_=ttfc_fc_cl_t41","4","http://www.imdb.com/character/ch0029130/?ref_=ttfc_fc_cl_t41","Gary","http://www.imdb.com/character/ch0029130/?ref_=ttfc_fc_cl_t41"
"Ron Leibman","http://www.imdb.com/name/nm0500038/?ref_=ttfc_fc_cl_t42","4","http://www.imdb.com/character/ch0007176/?ref_=ttfc_fc_cl_t42","Dr. Leonard Green","http://www.imdb.com/character/ch0007176/?ref_=ttfc_fc_cl_t42"
"Cosimo Fusco","http://www.imdb.com/name/nm0299289/?ref_=ttfc_fc_cl_t43","4","http://www.imdb.com/character/ch0040993/?ref_=ttfc_fc_cl_t43","Paolo","http://www.imdb.com/character/ch0040993/?ref_=ttfc_fc_cl_t43"
"Laura Dean","http://www.imdb.com/name/nm0212847/?ref_=ttfc_fc_cl_t44","4","http://www.imdb.com/character/ch0142595/?ref_=ttfc_fc_cl_t44","Sophie","http://www.imdb.com/character/ch0142595/?ref_=ttfc_fc_cl_t44"
"Kim Harris","http://www.imdb.com/name/nm0364957/?ref_=ttfc_fc_cl_t45","4",""
"Douglas Looper","http://www.imdb.com/name/nm2182506/?ref_=ttfc_fc_cl_t47","4","http://www.imdb.com/character/ch0238409/?ref_=ttfc_fc_cl_t47","Fireman","http://www.imdb.com/character/ch0238409/?ref_=ttfc_fc_cl_t47"
"Joe Everett Michaels","http://www.imdb.com/name/nm0584381/?ref_=ttfc_fc_cl_t46","4",""
"Marlo Thomas","http://www.imdb.com/name/nm0005486/?ref_=ttfc_fc_cl_t49","3","http://www.imdb.com/character/ch0166781/?ref_=ttfc_fc_cl_t49","Sandra Green","http://www.imdb.com/character/ch0166781/?ref_=ttfc_fc_cl_t49"
"Heather Sims","http://www.imdb.com/name/nm3094053/?ref_=ttfc_fc_cl_t48","4",""
"Bruce Willis","http://www.imdb.com/name/nm0000246/?ref_=ttfc_fc_cl_t51","3","http://www.imdb.com/character/ch0029361/?ref_=ttfc_fc_cl_t51","Paul Stevens","http://www.imdb.com/character/ch0029361/?ref_=ttfc_fc_cl_t51"
"Alison La Placa","http://www.imdb.com/name/nm0478844/?ref_=ttfc_fc_cl_t50","3",""
"Adam Goldberg","http://www.imdb.com/name/nm0004965/?ref_=ttfc_fc_cl_t52","3","http://www.imdb.com/character/ch0041125/?ref_=ttfc_fc_cl_t52","Eddie Menuek","http://www.imdb.com/character/ch0041125/?ref_=ttfc_fc_cl_t52"
"Christine Taylor","http://www.imdb.com/name/nm0852132/?ref_=ttfc_fc_cl_t53","3","http://www.imdb.com/character/ch0166779/?ref_=ttfc_fc_cl_t53","Bonnie","http://www.imdb.com/character/ch0166779/?ref_=ttfc_fc_cl_t53"
"Kathleen Turner","http://www.imdb.com/name/nm0000678/?ref_=ttfc_fc_cl_t54","3","http://www.imdb.com/character/ch0007164/?ref_=ttfc_fc_cl_t54","Charles Bing","http://www.imdb.com/character/ch0007164/?ref_=ttfc_fc_cl_t54"
"Dermot Mulroney","http://www.imdb.com/name/nm0000551/?ref_=ttfc_fc_cl_t55","3","http://www.imdb.com/character/ch0306036/?ref_=ttfc_fc_cl_t55","Gavin Mitchell","http://www.imdb.com/character/ch0306036/?ref_=ttfc_fc_cl_t55"
"Teri Garr","http://www.imdb.com/name/nm0000414/?ref_=ttfc_fc_cl_t56","3","http://www.imdb.com/character/ch0166782/?ref_=ttfc_fc_cl_t56","Phoebe Abbott Sr.","http://www.imdb.com/character/ch0166782/?ref_=ttfc_fc_cl_t56"
"Dina Meyer","http://www.imdb.com/name/nm0000539/?ref_=ttfc_fc_cl_t57","3","http://www.imdb.com/character/ch0007163/?ref_=ttfc_fc_cl_t57","Kate Miller","http://www.imdb.com/character/ch0007163/?ref_=ttfc_fc_cl_t57"
"Phill Lewis","http://www.imdb.com/name/nm0507629/?ref_=ttfc_fc_cl_t59","3","http://www.imdb.com/character/ch0166822/?ref_=ttfc_fc_cl_t59","Steve","http://www.imdb.com/character/ch0166822/?ref_=ttfc_fc_cl_t59"
"Sam McMurray","http://www.imdb.com/name/nm0573481/?ref_=ttfc_fc_cl_t60","3","http://www.imdb.com/character/ch0113858/?ref_=ttfc_fc_cl_t60","Doug","http://www.imdb.com/character/ch0113858/?ref_=ttfc_fc_cl_t60"
"Rick Pasqualone","http://www.imdb.com/name/nm0664710/?ref_=ttfc_fc_cl_t58","3",""
"George Newbern","http://www.imdb.com/name/nm0627624/?ref_=ttfc_fc_cl_t61","3","http://www.imdb.com/character/ch0040994/?ref_=ttfc_fc_cl_t61","Danny","http://www.imdb.com/character/ch0040994/?ref_=ttfc_fc_cl_t61"
"Reg Rogers","http://www.imdb.com/name/nm0737138/?ref_=ttfc_fc_cl_t62","3","http://www.imdb.com/character/ch0376973/?ref_=ttfc_fc_cl_t62","The Director","http://www.imdb.com/character/ch0376973/?ref_=ttfc_fc_cl_t62"
"Lisa Calderon","http://www.imdb.com/name/nm1236046/?ref_=ttfc_fc_cl_t63","3",""
"Jeff Brooks","http://www.imdb.com/name/nm0112048/?ref_=ttfc_fc_cl_t64","3",""
"George Clooney","http://www.imdb.com/name/nm0000123/?ref_=ttfc_fc_cl_t69","3","http://www.imdb.com/character/ch0345346/?ref_=ttfc_fc_cl_t69","Dr. Michael Mitchell","http://www.imdb.com/character/ch0345346/?ref_=ttfc_fc_cl_t69"
"Matthew Mullany","http://www.imdb.com/name/nm1556567/?ref_=ttfc_fc_cl_t65","3",""
"Alexandra Margulies","http://www.imdb.com/name/nm1090543/?ref_=ttfc_fc_cl_t66","3",""
"Noah Wyle","http://www.imdb.com/name/nm0001864/?ref_=ttfc_fc_cl_t70","3","http://www.imdb.com/character/ch0390323/?ref_=ttfc_fc_cl_t70","Dr. Jeffrey Rosen","http://www.imdb.com/character/ch0390323/?ref_=ttfc_fc_cl_t70"
"Steven Harad","http://www.imdb.com/name/nm2513405/?ref_=ttfc_fc_cl_t67","3",""
"Michael Ensign","http://www.imdb.com/name/nm0258117/?ref_=ttfc_fc_cl_t72","2","http://www.imdb.com/character/ch0070674/?ref_=ttfc_fc_cl_t72","Dr. Ledbetter","http://www.imdb.com/character/ch0070674/?ref_=ttfc_fc_cl_t72"
"Fritzi Burr","http://www.imdb.com/name/nm0123007/?ref_=ttfc_fc_cl_t68","3",""
"Thomas Lennon","http://www.imdb.com/name/nm0502073/?ref_=ttfc_fc_cl_t74","2","http://www.imdb.com/character/ch0113862/?ref_=ttfc_fc_cl_t74","Randall","http://www.imdb.com/character/ch0113862/?ref_=ttfc_fc_cl_t74"
"Reese Witherspoon","http://www.imdb.com/name/nm0000702/?ref_=ttfc_fc_cl_t75","2","http://www.imdb.com/character/ch0007143/?ref_=ttfc_fc_cl_t75","Jill Green","http://www.imdb.com/character/ch0007143/?ref_=ttfc_fc_cl_t75"
"Olivia Williams","http://www.imdb.com/name/nm0931404/?ref_=ttfc_fc_cl_t71","3",""
"Gary Oldman","http://www.imdb.com/name/nm0000198/?ref_=ttfc_fc_cl_t76","2","http://www.imdb.com/character/ch0007145/?ref_=ttfc_fc_cl_t76","Richard Crosby","http://www.imdb.com/character/ch0007145/?ref_=ttfc_fc_cl_t76"
"Sean Penn","http://www.imdb.com/name/nm0000576/?ref_=ttfc_fc_cl_t77","2","http://www.imdb.com/character/ch0166821/?ref_=ttfc_fc_cl_t77","Eric","http://www.imdb.com/character/ch0166821/?ref_=ttfc_fc_cl_t77"
"Joanna Gleason","http://www.imdb.com/name/nm0322306/?ref_=ttfc_fc_cl_t73","2",""
"Christina Applegate","http://www.imdb.com/name/nm0000775/?ref_=ttfc_fc_cl_t78","2","http://www.imdb.com/character/ch0007148/?ref_=ttfc_fc_cl_t78","Amy Green","http://www.imdb.com/character/ch0007148/?ref_=ttfc_fc_cl_t78"
"Alec Baldwin","http://www.imdb.com/name/nm0000285/?ref_=ttfc_fc_cl_t79","2","http://www.imdb.com/character/ch0007150/?ref_=ttfc_fc_cl_t79","Parker","http://www.imdb.com/character/ch0007150/?ref_=ttfc_fc_cl_t79"
"Jon Lovitz","http://www.imdb.com/name/nm0001484/?ref_=ttfc_fc_cl_t80","2","http://www.imdb.com/character/ch0166822/?ref_=ttfc_fc_cl_t80","Steve","http://www.imdb.com/character/ch0166822/?ref_=ttfc_fc_cl_t80"
"Ron Glass","http://www.imdb.com/name/nm0322002/?ref_=ttfc_fc_cl_t82","2","http://www.imdb.com/character/ch0412089/?ref_=ttfc_fc_cl_t82","Russell","http://www.imdb.com/character/ch0412089/?ref_=ttfc_fc_cl_t82"
"Vincent Ventresca","http://www.imdb.com/name/nm0893283/?ref_=ttfc_fc_cl_t83","2","http://www.imdb.com/character/ch0029355/?ref_=ttfc_fc_cl_t83","Fun Bobby","http://www.imdb.com/character/ch0029355/?ref_=ttfc_fc_cl_t83"
"Max Wright","http://www.imdb.com/name/nm0942642/?ref_=ttfc_fc_cl_t84","2","http://www.imdb.com/character/ch0115831/?ref_=ttfc_fc_cl_t84","Terry","http://www.imdb.com/character/ch0115831/?ref_=ttfc_fc_cl_t84"
"Shelley Berman","http://www.imdb.com/name/nm0066098/?ref_=ttfc_fc_cl_t85","2","http://www.imdb.com/character/ch0124411/?ref_=ttfc_fc_cl_t85","Mr. Kaplan Jr.","http://www.imdb.com/character/ch0124411/?ref_=ttfc_fc_cl_t85"
"Dorien Wilson","http://www.imdb.com/name/nm0933332/?ref_=ttfc_fc_cl_t81","2",""
"Angela Featherstone","http://www.imdb.com/name/nm0004911/?ref_=ttfc_fc_cl_t87","2","http://www.imdb.com/character/ch0166817/?ref_=ttfc_fc_cl_t87","Chloe","http://www.imdb.com/character/ch0166817/?ref_=ttfc_fc_cl_t87"
"Tom Conti","http://www.imdb.com/name/nm0002018/?ref_=ttfc_fc_cl_t88","2","http://www.imdb.com/character/ch0065156/?ref_=ttfc_fc_cl_t88","Stephen Waltham","http://www.imdb.com/character/ch0065156/?ref_=ttfc_fc_cl_t88"
"Gregory Itzin","http://www.imdb.com/name/nm0411857/?ref_=ttfc_fc_cl_t89","2","http://www.imdb.com/character/ch0080206/?ref_=ttfc_fc_cl_t89","Theodore Hannigan","http://www.imdb.com/character/ch0080206/?ref_=ttfc_fc_cl_t89"
"Michele Maika","http://www.imdb.com/name/nm0537530/?ref_=ttfc_fc_cl_t91","2","http://www.imdb.com/character/ch0221388/?ref_=ttfc_fc_cl_t91","Kiki","http://www.imdb.com/character/ch0221388/?ref_=ttfc_fc_cl_t91"
"Fred Stoller","http://www.imdb.com/name/nm0831550/?ref_=ttfc_fc_cl_t86","2",""
"Paxton Whitehead","http://www.imdb.com/name/nm0925717/?ref_=ttfc_fc_cl_t92","2","http://www.imdb.com/character/ch0103328/?ref_=ttfc_fc_cl_t92","Mr. Waltham","http://www.imdb.com/character/ch0103328/?ref_=ttfc_fc_cl_t92"
"Eddie McClintock","http://www.imdb.com/name/nm0565858/?ref_=ttfc_fc_cl_t93","2","http://www.imdb.com/character/ch0113859/?ref_=ttfc_fc_cl_t93","Cliff","http://www.imdb.com/character/ch0113859/?ref_=ttfc_fc_cl_t93"
"Melissa George","http://www.imdb.com/name/nm0313534/?ref_=ttfc_fc_cl_t94","2","http://www.imdb.com/character/ch0166818/?ref_=ttfc_fc_cl_t94","Molly","http://www.imdb.com/character/ch0166818/?ref_=ttfc_fc_cl_t94"
"Barry Heins","http://www.imdb.com/name/nm0374516/?ref_=ttfc_fc_cl_t96","2","http://www.imdb.com/character/ch0148313/?ref_=ttfc_fc_cl_t96","'Pie in the Hood' Man","http://www.imdb.com/character/ch0148313/?ref_=ttfc_fc_cl_t96"
"Sam Pancake","http://www.imdb.com/name/nm0659143/?ref_=ttfc_fc_cl_t90","2",""
"Troy Norton","http://www.imdb.com/name/nm0636314/?ref_=ttfc_fc_cl_t97","2","http://www.imdb.com/character/ch0115833/?ref_=ttfc_fc_cl_t97","Jake","http://www.imdb.com/character/ch0115833/?ref_=ttfc_fc_cl_t97"
"Cristine Rose","http://www.imdb.com/name/nm0004284/?ref_=ttfc_fc_cl_t98","2","http://www.imdb.com/character/ch0101478/?ref_=ttfc_fc_cl_t98","Bitsy Hanigan","http://www.imdb.com/character/ch0101478/?ref_=ttfc_fc_cl_t98"
"Monique Edwards","http://www.imdb.com/name/nm0006720/?ref_=ttfc_fc_cl_t100","2","http://www.imdb.com/character/ch0077451/?ref_=ttfc_fc_cl_t100","Claudia","http://www.imdb.com/character/ch0077451/?ref_=ttfc_fc_cl_t100"
"Roark Critchlow","http://www.imdb.com/name/nm0188220/?ref_=ttfc_fc_cl_t101","2","http://www.imdb.com/character/ch0036050/?ref_=ttfc_fc_cl_t101","Dr. Mike Horton","http://www.imdb.com/character/ch0036050/?ref_=ttfc_fc_cl_t101"
"John Rubinstein","http://www.imdb.com/name/nm0748270/?ref_=ttfc_fc_cl_t95","2",""
"Jennifer Saunders","http://www.imdb.com/name/nm0766837/?ref_=ttfc_fc_cl_t103","2","http://www.imdb.com/character/ch0166819/?ref_=ttfc_fc_cl_t103","Andrea Waltham","http://www.imdb.com/character/ch0166819/?ref_=ttfc_fc_cl_t103"
"Maury Ginsberg","http://www.imdb.com/name/nm0320143/?ref_=ttfc_fc_cl_t105","2","http://www.imdb.com/character/ch0166820/?ref_=ttfc_fc_cl_t105","Isaac","http://www.imdb.com/character/ch0166820/?ref_=ttfc_fc_cl_t105"
"Brian Chenoweth","http://www.imdb.com/name/nm1045024/?ref_=ttfc_fc_cl_t99","2",""
"Pat Finn","http://www.imdb.com/name/nm0278156/?ref_=ttfc_fc_cl_t110","2","http://www.imdb.com/character/ch0166824/?ref_=ttfc_fc_cl_t110","Dr. Roger","http://www.imdb.com/character/ch0166824/?ref_=ttfc_fc_cl_t110"
"E.J. Callahan","http://www.imdb.com/name/nm0130187/?ref_=ttfc_fc_cl_t102","2",""
"Mark Roberts","http://www.imdb.com/name/nm0731393/?ref_=ttfc_fc_cl_t113","2","http://www.imdb.com/character/ch0376973/?ref_=ttfc_fc_cl_t113","the Director","http://www.imdb.com/character/ch0376973/?ref_=ttfc_fc_cl_t113"
"Evie Peck","http://www.imdb.com/name/nm0669658/?ref_=ttfc_fc_cl_t104","2",""
"Jennifer Milmore","http://www.imdb.com/name/nm0590313/?ref_=ttfc_fc_cl_t106","2",""
"Nina Mann","http://www.imdb.com/name/nm0542905/?ref_=ttfc_fc_cl_t107","2",""
"Christopher Miranda","http://www.imdb.com/name/nm0592071/?ref_=ttfc_fc_cl_t108","2",""
"Anthony Cistaro","http://www.imdb.com/name/nm0162882/?ref_=ttfc_fc_cl_t120","2","http://www.imdb.com/character/ch0113860/?ref_=ttfc_fc_cl_t120","Gate Attendant","http://www.imdb.com/character/ch0113860/?ref_=ttfc_fc_cl_t120"
"Steve Park","http://www.imdb.com/name/nm0661950/?ref_=ttfc_fc_cl_t109","2",""
"Peter James Smith","http://www.imdb.com/name/nm0809590/?ref_=ttfc_fc_cl_t121","2","http://www.imdb.com/character/ch0115832/?ref_=ttfc_fc_cl_t121","the Assistant Director","http://www.imdb.com/character/ch0115832/?ref_=ttfc_fc_cl_t121"
"Jim Rash","http://www.imdb.com/name/nm0711110/?ref_=ttfc_fc_cl_t111","2",""
"Alexis Arquette","http://www.imdb.com/name/nm0000793/?ref_=ttfc_fc_cl_t112","2",""
"Shane Nickerson","http://www.imdb.com/name/nm0630035/?ref_=ttfc_fc_cl_t114","2",""
"Ashley Clark","http://www.imdb.com/name/nm1746344/?ref_=ttfc_fc_cl_t115","2",""
"Carole Gutierrez","http://www.imdb.com/name/nm0349341/?ref_=ttfc_fc_cl_t116","2",""
"Jackie Bright","http://www.imdb.com/name/nm1235117/?ref_=ttfc_fc_cl_t117","2",""
"Jim Bentley","http://www.imdb.com/name/nm0072824/?ref_=ttfc_fc_cl_t118","2",""
"Mary Gallagher","http://www.imdb.com/name/nm0302438/?ref_=ttfc_fc_cl_t134","2","http://www.imdb.com/character/ch0166823/?ref_=ttfc_fc_cl_t134","Tilly","http://www.imdb.com/character/ch0166823/?ref_=ttfc_fc_cl_t134"
"Jason Kravits","http://www.imdb.com/name/nm0006463/?ref_=ttfc_fc_cl_t119","2",""
"Scott Adsit","http://www.imdb.com/name/nm0012523/?ref_=ttfc_fc_cl_t137","2","http://www.imdb.com/character/ch0376973/?ref_=ttfc_fc_cl_t137","The Director","http://www.imdb.com/character/ch0376973/?ref_=ttfc_fc_cl_t137"
"Peter Eyre","http://www.imdb.com/name/nm0264235/?ref_=ttfc_fc_cl_t122","2",""
"Hunter Cochran","http://www.imdb.com/name/nm1711051/?ref_=ttfc_fc_cl_t123","2",""
"Manao DeMuth","http://www.imdb.com/name/nm0218831/?ref_=ttfc_fc_cl_t124","2",""
"Brian Palermo","http://www.imdb.com/name/nm0006488/?ref_=ttfc_fc_cl_t125","2",""
"Michelle Pereira","http://www.imdb.com/name/nm1620867/?ref_=ttfc_fc_cl_t126","2",""
"Vincent Boyle","http://www.imdb.com/name/nm1648040/?ref_=ttfc_fc_cl_t127","2",""
"Mary Pat Gleason","http://www.imdb.com/name/nm0322325/?ref_=ttfc_fc_cl_t146","1","http://www.imdb.com/character/ch0221386/?ref_=ttfc_fc_cl_t146","Nurse Sizemore","http://www.imdb.com/character/ch0221386/?ref_=ttfc_fc_cl_t146"
"Alison Sweeney","http://www.imdb.com/name/nm0842081/?ref_=ttfc_fc_cl_t128","2",""
"Jill Goodacre","http://www.imdb.com/name/nm0004969/?ref_=ttfc_fc_cl_t147","1","http://www.imdb.com/character/ch0221257/?ref_=ttfc_fc_cl_t147","Jill Goodacre","http://www.imdb.com/character/ch0221257/?ref_=ttfc_fc_cl_t147"
"Arye Gross","http://www.imdb.com/name/nm0343325/?ref_=ttfc_fc_cl_t129","2",""
"Nicky Katt","http://www.imdb.com/name/nm0441588/?ref_=ttfc_fc_cl_t130","2",""
"Sofia Milos","http://www.imdb.com/name/nm0590499/?ref_=ttfc_fc_cl_t149","1","http://www.imdb.com/character/ch0078731/?ref_=ttfc_fc_cl_t149","Aurora","http://www.imdb.com/character/ch0078731/?ref_=ttfc_fc_cl_t149"
"Julie Lauren","http://www.imdb.com/name/nm0491068/?ref_=ttfc_fc_cl_t131","2",""
"Mo Gaffney","http://www.imdb.com/name/nm0300752/?ref_=ttfc_fc_cl_t132","2",""
"Robert Costanzo","http://www.imdb.com/name/nm0182456/?ref_=ttfc_fc_cl_t152","1","http://www.imdb.com/character/ch0055951/?ref_=ttfc_fc_cl_t152","Joey Tribbiani Sr.","http://www.imdb.com/character/ch0055951/?ref_=ttfc_fc_cl_t152"
"Baillie Gerstein","http://www.imdb.com/name/nm0314905/?ref_=ttfc_fc_cl_t133","2",""
"Jennifer Grey","http://www.imdb.com/name/nm0000426/?ref_=ttfc_fc_cl_t154","1","http://www.imdb.com/character/ch0186615/?ref_=ttfc_fc_cl_t154","Mindy","http://www.imdb.com/character/ch0186615/?ref_=ttfc_fc_cl_t154"
"Andrew Bilgore","http://www.imdb.com/name/nm0082214/?ref_=ttfc_fc_cl_t135","2",""
"Paul Gleason","http://www.imdb.com/name/nm0322339/?ref_=ttfc_fc_cl_t136","2",""
"Maurice Godin","http://www.imdb.com/name/nm0324070/?ref_=ttfc_fc_cl_t138","2",""
"Robert Alan Beuth","http://www.imdb.com/name/nm0079612/?ref_=ttfc_fc_cl_t139","2",""
"Gregory Jbara","http://www.imdb.com/name/nm0419813/?ref_=ttfc_fc_cl_t140","2",""
"Alison Shanks","http://www.imdb.com/name/nm0788205/?ref_=ttfc_fc_cl_t141","2",""
"Steve Susskind","http://www.imdb.com/name/nm0839915/?ref_=ttfc_fc_cl_t142","2",""
"Chris Isaak","http://www.imdb.com/name/nm0001389/?ref_=ttfc_fc_cl_t165","1","http://www.imdb.com/character/ch0093582/?ref_=ttfc_fc_cl_t165","Rob Donnen","http://www.imdb.com/character/ch0093582/?ref_=ttfc_fc_cl_t165"
"Laura Cayouette","http://www.imdb.com/name/nm0147312/?ref_=ttfc_fc_cl_t143","2",""
"Chip Chinery","http://www.imdb.com/name/nm0157842/?ref_=ttfc_fc_cl_t144","2",""
"David Crane","http://www.imdb.com/name/nm0186331/?ref_=ttfc_fc_cl_t145","2",""
"Geoffrey Lower","http://www.imdb.com/name/nm0523186/?ref_=ttfc_fc_cl_t148","1",""
"John Allen Nelson","http://www.imdb.com/name/nm0625482/?ref_=ttfc_fc_cl_t150","1",""
"Camille Saviola","http://www.imdb.com/name/nm0767779/?ref_=ttfc_fc_cl_t151","1",""
"Willie Garson","http://www.imdb.com/name/nm0308606/?ref_=ttfc_fc_cl_t180","1","http://www.imdb.com/character/ch0166822/?ref_=ttfc_fc_cl_t180","Steve","http://www.imdb.com/character/ch0166822/?ref_=ttfc_fc_cl_t180"
"Beverly Garland","http://www.imdb.com/name/nm0307500/?ref_=ttfc_fc_cl_t153","1",""
"Sarah Peterson","http://www.imdb.com/name/nm0677387/?ref_=ttfc_fc_cl_t182","1","http://www.imdb.com/character/ch0038356/?ref_=ttfc_fc_cl_t182","Elizabeth Hornswoggle","http://www.imdb.com/character/ch0038356/?ref_=ttfc_fc_cl_t182"
"Melora Hardin","http://www.imdb.com/name/nm0002124/?ref_=ttfc_fc_cl_t155","1",""
"Chrissie Hynde","http://www.imdb.com/name/nm0005038/?ref_=ttfc_fc_cl_t156","1",""
"Stan Kirsch","http://www.imdb.com/name/nm0456909/?ref_=ttfc_fc_cl_t157","1",""
"Audra Lindley","http://www.imdb.com/name/nm0511964/?ref_=ttfc_fc_cl_t158","1",""
"Brittney Powell","http://www.imdb.com/name/nm0694044/?ref_=ttfc_fc_cl_t159","1",""
"Claudia Shear","http://www.imdb.com/name/nm0790396/?ref_=ttfc_fc_cl_t160","1",""
"Denise Richards","http://www.imdb.com/name/nm0000612/?ref_=ttfc_fc_cl_t191","1","http://www.imdb.com/character/ch0007151/?ref_=ttfc_fc_cl_t191","Cassie Geller","http://www.imdb.com/character/ch0007151/?ref_=ttfc_fc_cl_t191"
"Jonathan Silverman","http://www.imdb.com/name/nm0001738/?ref_=ttfc_fc_cl_t161","1",""
"Winona Ryder","http://www.imdb.com/name/nm0000213/?ref_=ttfc_fc_cl_t192","1","http://www.imdb.com/character/ch0227051/?ref_=ttfc_fc_cl_t192","Melissa Warburton","http://www.imdb.com/character/ch0227051/?ref_=ttfc_fc_cl_t192"
"David Arquette","http://www.imdb.com/name/nm0000274/?ref_=ttfc_fc_cl_t162","1",""
"Peter DeLuise","http://www.imdb.com/name/nm0217938/?ref_=ttfc_fc_cl_t163","1",""
"Peter Dennis","http://www.imdb.com/name/nm0219536/?ref_=ttfc_fc_cl_t164","1",""
"Julia Roberts","http://www.imdb.com/name/nm0000210/?ref_=ttfc_fc_cl_t166","1",""
"Isabella Rossellini","http://www.imdb.com/name/nm0000618/?ref_=ttfc_fc_cl_t167","1",""
"Jennifer Coolidge","http://www.imdb.com/name/nm0177639/?ref_=ttfc_fc_cl_t201","1","http://www.imdb.com/character/ch0151244/?ref_=ttfc_fc_cl_t201","Amanda Buffamonteezi","http://www.imdb.com/character/ch0151244/?ref_=ttfc_fc_cl_t201"
"Suzanna Voltaire","http://www.imdb.com/name/nm0901810/?ref_=ttfc_fc_cl_t168","1",""
"Mae Whitman","http://www.imdb.com/name/nm0926165/?ref_=ttfc_fc_cl_t169","1",""
"Greg Kinnear","http://www.imdb.com/name/nm0001427/?ref_=ttfc_fc_cl_t203","1","http://www.imdb.com/character/ch0151247/?ref_=ttfc_fc_cl_t203","Dr. Benjamin Hobart","http://www.imdb.com/character/ch0151247/?ref_=ttfc_fc_cl_t203"
"Jason Brooks","http://www.imdb.com/name/nm0112043/?ref_=ttfc_fc_cl_t170","1",""
"Sherilyn Fenn","http://www.imdb.com/name/nm0000145/?ref_=ttfc_fc_cl_t171","1",""
"Anita Barone","http://www.imdb.com/name/nm0056342/?ref_=ttfc_fc_cl_t206","1","http://www.imdb.com/character/ch0029173/?ref_=ttfc_fc_cl_t206","Carol Willick","http://www.imdb.com/character/ch0029173/?ref_=ttfc_fc_cl_t206"
"Dan Gauthier","http://www.imdb.com/name/nm0310248/?ref_=ttfc_fc_cl_t172","1",""
"Elinor Donahue","http://www.imdb.com/name/nm0231942/?ref_=ttfc_fc_cl_t207","1","http://www.imdb.com/character/ch0221713/?ref_=ttfc_fc_cl_t207","Aunt Lillian","http://www.imdb.com/character/ch0221713/?ref_=ttfc_fc_cl_t207"
"Michael Vartan","http://www.imdb.com/name/nm0890232/?ref_=ttfc_fc_cl_t173","1",""
"Sarah Ferguson","http://www.imdb.com/name/nm0272601/?ref_=ttfc_fc_cl_t174","1",""
"Beth Grant","http://www.imdb.com/name/nm0335275/?ref_=ttfc_fc_cl_t209","1","http://www.imdb.com/character/ch0221068/?ref_=ttfc_fc_cl_t209","Lizzy","http://www.imdb.com/character/ch0221068/?ref_=ttfc_fc_cl_t209"
"Christopher Liam Moore","http://www.imdb.com/name/nm0601051/?ref_=ttfc_fc_cl_t175","1",""
"Marianne Hagan","http://www.imdb.com/name/nm0353238/?ref_=ttfc_fc_cl_t210","1","http://www.imdb.com/character/ch0221387/?ref_=ttfc_fc_cl_t210","Joanne","http://www.imdb.com/character/ch0221387/?ref_=ttfc_fc_cl_t210"
"Gregory Sporleder","http://www.imdb.com/name/nm0819440/?ref_=ttfc_fc_cl_t176","1",""
"Clea Lewis","http://www.imdb.com/name/nm0507051/?ref_=ttfc_fc_cl_t211","1","http://www.imdb.com/character/ch0221067/?ref_=ttfc_fc_cl_t211","Franny","http://www.imdb.com/character/ch0221067/?ref_=ttfc_fc_cl_t211"
"Bob Balaban","http://www.imdb.com/name/nm0000837/?ref_=ttfc_fc_cl_t177","1",""
"Kristin Dattilo","http://www.imdb.com/name/nm0202184/?ref_=ttfc_fc_cl_t178","1",""
"Conchata Ferrell","http://www.imdb.com/name/nm0004916/?ref_=ttfc_fc_cl_t179","1",""
"Lee Garlington","http://www.imdb.com/name/nm0307600/?ref_=ttfc_fc_cl_t215","1","http://www.imdb.com/character/ch0356746/?ref_=ttfc_fc_cl_t215","Ronni","http://www.imdb.com/character/ch0356746/?ref_=ttfc_fc_cl_t215"
"Michael Monks","http://www.imdb.com/name/nm0598282/?ref_=ttfc_fc_cl_t181","1",""
"Billy Stevenson","http://www.imdb.com/name/nm0828883/?ref_=ttfc_fc_cl_t183","1",""
"Kristin Davis","http://www.imdb.com/name/nm0004862/?ref_=ttfc_fc_cl_t184","1",""
"John Lehr","http://www.imdb.com/name/nm0499856/?ref_=ttfc_fc_cl_t223","1","http://www.imdb.com/character/ch0166821/?ref_=ttfc_fc_cl_t223","Eric","http://www.imdb.com/character/ch0166821/?ref_=ttfc_fc_cl_t223"
"Stacy Galina","http://www.imdb.com/name/nm0302128/?ref_=ttfc_fc_cl_t185","1",""
"Louis Mandylor","http://www.imdb.com/name/nm0541909/?ref_=ttfc_fc_cl_t186","1",""
"Kevin Spirtas","http://www.imdb.com/name/nm0819099/?ref_=ttfc_fc_cl_t187","1",""
"Brooke Shields","http://www.imdb.com/name/nm0000222/?ref_=ttfc_fc_cl_t226","1","http://www.imdb.com/character/ch0264426/?ref_=ttfc_fc_cl_t226","Erika Ford","http://www.imdb.com/character/ch0264426/?ref_=ttfc_fc_cl_t226"
"Jason Alexander","http://www.imdb.com/name/nm0004517/?ref_=ttfc_fc_cl_t188","1",""
"Obba Babatundé","http://www.imdb.com/name/nm0044762/?ref_=ttfc_fc_cl_t228","1","http://www.imdb.com/character/ch0376973/?ref_=ttfc_fc_cl_t228","The Director","http://www.imdb.com/character/ch0376973/?ref_=ttfc_fc_cl_t228"
"Andrea Bendewald","http://www.imdb.com/name/nm0070541/?ref_=ttfc_fc_cl_t189","1",""
"Kevin Rahm","http://www.imdb.com/name/nm0706716/?ref_=ttfc_fc_cl_t190","1",""
"Susan Sarandon","http://www.imdb.com/name/nm0000215/?ref_=ttfc_fc_cl_t193","1",""
"Trudie Styler","http://www.imdb.com/name/nm0836548/?ref_=ttfc_fc_cl_t194","1",""
"Lisa Thornhill","http://www.imdb.com/name/nm0861462/?ref_=ttfc_fc_cl_t195","1",""
"Sasha Alexander","http://www.imdb.com/name/nm0018734/?ref_=ttfc_fc_cl_t196","1",""
"Selma Blair","http://www.imdb.com/name/nm0004757/?ref_=ttfc_fc_cl_t197","1",""
"Dan Bucatinsky","http://www.imdb.com/name/nm0117857/?ref_=ttfc_fc_cl_t198","1",""
"Molly Hagan","http://www.imdb.com/name/nm0353243/?ref_=ttfc_fc_cl_t199","1",""
"Harry Van Gorkum","http://www.imdb.com/name/nm0002246/?ref_=ttfc_fc_cl_t200","1",""
"Jeff Goldblum","http://www.imdb.com/name/nm0000156/?ref_=ttfc_fc_cl_t202","1",""
"Marisol Nichols","http://www.imdb.com/name/nm0629653/?ref_=ttfc_fc_cl_t204","1",""
"Danny DeVito","http://www.imdb.com/name/nm0000362/?ref_=ttfc_fc_cl_t205","1",""
"Kristian Alfonso","http://www.imdb.com/name/nm0019172/?ref_=ttfc_fc_cl_t252","1","http://www.imdb.com/character/ch0035745/?ref_=ttfc_fc_cl_t252","Hope Brady","http://www.imdb.com/character/ch0035745/?ref_=ttfc_fc_cl_t252"
"Michael Kagan","http://www.imdb.com/name/nm0434580/?ref_=ttfc_fc_cl_t253","1","http://www.imdb.com/character/ch0115831/?ref_=ttfc_fc_cl_t253","Terry","http://www.imdb.com/character/ch0115831/?ref_=ttfc_fc_cl_t253"
"Kim Gillingham","http://www.imdb.com/name/nm0319251/?ref_=ttfc_fc_cl_t208","1",""
"Corinne Bohrer","http://www.imdb.com/name/nm0001959/?ref_=ttfc_fc_cl_t212","1",""
"Brian Buckner","http://www.imdb.com/name/nm0118748/?ref_=ttfc_fc_cl_t213","1",""
"Kyle Howard","http://www.imdb.com/name/nm0397445/?ref_=ttfc_fc_cl_t263","1","http://www.imdb.com/character/ch0153825/?ref_=ttfc_fc_cl_t263","Alan Lewis","http://www.imdb.com/character/ch0153825/?ref_=ttfc_fc_cl_t263"
"Megan Cavanagh","http://www.imdb.com/name/nm0146903/?ref_=ttfc_fc_cl_t214","1",""
"Michael McKean","http://www.imdb.com/name/nm0571106/?ref_=ttfc_fc_cl_t216","1",""
"Alaina Reed-Hall","http://www.imdb.com/name/nm0355271/?ref_=ttfc_fc_cl_t217","1",""
"Karla Tamburrelli","http://www.imdb.com/name/nm0848591/?ref_=ttfc_fc_cl_t218","1",""
"Chris Young","http://www.imdb.com/name/nm0949385/?ref_=ttfc_fc_cl_t219","1",""
"Steve Zahn","http://www.imdb.com/name/nm0001872/?ref_=ttfc_fc_cl_t220","1",""
"Khalil Kain","http://www.imdb.com/name/nm0435074/?ref_=ttfc_fc_cl_t221","1",""
"Dedee Pfeiffer","http://www.imdb.com/name/nm0679410/?ref_=ttfc_fc_cl_t274","1","http://www.imdb.com/character/ch0210194/?ref_=ttfc_fc_cl_t274","Mary Ellen Jenkins","http://www.imdb.com/character/ch0210194/?ref_=ttfc_fc_cl_t274"
"Patrick Kerr","http://www.imdb.com/name/nm0449777/?ref_=ttfc_fc_cl_t222","1",""
"Joe Colligan","http://www.imdb.com/name/nm0171983/?ref_=ttfc_fc_cl_t277","1","http://www.imdb.com/character/ch0376973/?ref_=ttfc_fc_cl_t277","the Director","http://www.imdb.com/character/ch0376973/?ref_=ttfc_fc_cl_t277"
"Audrie Neenan","http://www.imdb.com/name/nm0624240/?ref_=ttfc_fc_cl_t224","1",""
"Dee Dee Rescher","http://www.imdb.com/name/nm0720191/?ref_=ttfc_fc_cl_t225","1",""
"Luis Antonio Ramos","http://www.imdb.com/name/nm0708696/?ref_=ttfc_fc_cl_t280","1","http://www.imdb.com/character/ch0151245/?ref_=ttfc_fc_cl_t280","The Tanning Salon Guy","http://www.imdb.com/character/ch0151245/?ref_=ttfc_fc_cl_t280"
"Jean-Claude Van Damme","http://www.imdb.com/name/nm0000241/?ref_=ttfc_fc_cl_t227","1",""
"Dakota Fanning","http://www.imdb.com/name/nm0266824/?ref_=ttfc_fc_cl_t283","1","http://www.imdb.com/character/ch0134668/?ref_=ttfc_fc_cl_t283","Mackenzie","http://www.imdb.com/character/ch0134668/?ref_=ttfc_fc_cl_t283"
"James Hong","http://www.imdb.com/name/nm0393222/?ref_=ttfc_fc_cl_t229","1",""
"Penn Jillette","http://www.imdb.com/name/nm0422710/?ref_=ttfc_fc_cl_t230","1",""
"Ellen Pompeo","http://www.imdb.com/name/nm0690186/?ref_=ttfc_fc_cl_t286","1","http://www.imdb.com/character/ch0215118/?ref_=ttfc_fc_cl_t286","Missy Goldberg","http://www.imdb.com/character/ch0215118/?ref_=ttfc_fc_cl_t286"
"Stephen Kearney","http://www.imdb.com/name/nm0443974/?ref_=ttfc_fc_cl_t231","1",""
"Kevin McDonald","http://www.imdb.com/name/nm0567852/?ref_=ttfc_fc_cl_t232","1",""
"Taylor Negron","http://www.imdb.com/name/nm0624510/?ref_=ttfc_fc_cl_t233","1",""
"Rebecca Romijn","http://www.imdb.com/name/nm0005381/?ref_=ttfc_fc_cl_t234","1",""
"Laura Stepp","http://www.imdb.com/name/nm0827369/?ref_=ttfc_fc_cl_t235","1",""
"Sam Anderson","http://www.imdb.com/name/nm0027402/?ref_=ttfc_fc_cl_t236","1",""
"Gary Collins","http://www.imdb.com/name/nm0004833/?ref_=ttfc_fc_cl_t237","1",""
"Zen Gesner","http://www.imdb.com/name/nm0315143/?ref_=ttfc_fc_cl_t238","1",""
"Scott Mosenson","http://www.imdb.com/name/nm0608457/?ref_=ttfc_fc_cl_t239","1",""
"Michael Winters","http://www.imdb.com/name/nm0935975/?ref_=ttfc_fc_cl_t240","1",""
"Brooke Boisse","http://www.imdb.com/name/nm0092341/?ref_=ttfc_fc_cl_t241","1",""
"Patrick Bristow","http://www.imdb.com/name/nm0109956/?ref_=ttfc_fc_cl_t242","1",""
"Lilyan Chauvin","http://www.imdb.com/name/nm0154412/?ref_=ttfc_fc_cl_t243","1",""
"Soleil Moon Frye","http://www.imdb.com/name/nm0004941/?ref_=ttfc_fc_cl_t244","1",""
"Daniel Hagen","http://www.imdb.com/name/nm0353219/?ref_=ttfc_fc_cl_t245","1",""
"Alex Kapp Horner","http://www.imdb.com/name/nm0395088/?ref_=ttfc_fc_cl_t246","1",""
"John Kassir","http://www.imdb.com/name/nm0440885/?ref_=ttfc_fc_cl_t247","1",""
"Ralph Lauren","http://www.imdb.com/name/nm0491073/?ref_=ttfc_fc_cl_t248","1",""
"Jeanette Miller","http://www.imdb.com/name/nm0588563/?ref_=ttfc_fc_cl_t249","1",""
"NiCole Robinson","http://www.imdb.com/name/nm0732947/?ref_=ttfc_fc_cl_t250","1",""
"Samantha Smith","http://www.imdb.com/name/nm0809860/?ref_=ttfc_fc_cl_t251","1",""
"J.D. Lewis","http://www.imdb.com/name/nm0507287/?ref_=ttfc_fc_cl_t254","1",""
"Bess Meyer","http://www.imdb.com/name/nm0583033/?ref_=ttfc_fc_cl_t255","1",""
"Oliver Muirhead","http://www.imdb.com/name/nm0611407/?ref_=ttfc_fc_cl_t256","1",""
"Scott Paetty","http://www.imdb.com/name/nm0655963/?ref_=ttfc_fc_cl_t257","1",""
"Christopher Darga","http://www.imdb.com/name/nm0201178/?ref_=ttfc_fc_cl_t326","1","http://www.imdb.com/character/ch0376973/?ref_=ttfc_fc_cl_t326","The Director","http://www.imdb.com/character/ch0376973/?ref_=ttfc_fc_cl_t326"
"David Sutcliffe","http://www.imdb.com/name/nm0005475/?ref_=ttfc_fc_cl_t258","1",""
"Phil Abrams","http://www.imdb.com/name/nm0009223/?ref_=ttfc_fc_cl_t259","1",""
"Eva Amurri Martino","http://www.imdb.com/name/nm0025483/?ref_=ttfc_fc_cl_t260","1",""
"Mark Consuelos","http://www.imdb.com/name/nm0176175/?ref_=ttfc_fc_cl_t261","1",""
"Jason George","http://www.imdb.com/name/nm0313464/?ref_=ttfc_fc_cl_t262","1",""
"Lela Lee","http://www.imdb.com/name/nm0497734/?ref_=ttfc_fc_cl_t264","1",""
"Merrin Dungey","http://www.imdb.com/name/nm0242257/?ref_=ttfc_fc_cl_t337","1","http://www.imdb.com/character/ch0414780/?ref_=ttfc_fc_cl_t337","The Museum Official","http://www.imdb.com/character/ch0414780/?ref_=ttfc_fc_cl_t337"
"Arden Myrin","http://www.imdb.com/name/nm0617141/?ref_=ttfc_fc_cl_t265","1",""
"Chris Parnell","http://www.imdb.com/name/nm0663177/?ref_=ttfc_fc_cl_t266","1",""
"Gabrielle Union","http://www.imdb.com/name/nm0005517/?ref_=ttfc_fc_cl_t267","1",""
"Krista Allen","http://www.imdb.com/name/nm0020739/?ref_=ttfc_fc_cl_t268","1",""
"Janet Hubert","http://www.imdb.com/name/nm0399494/?ref_=ttfc_fc_cl_t269","1",""
"Cleo King","http://www.imdb.com/name/nm0454598/?ref_=ttfc_fc_cl_t270","1",""
"Debi Mazar","http://www.imdb.com/name/nm0000529/?ref_=ttfc_fc_cl_t271","1",""
"Jonathan Nichols","http://www.imdb.com/name/nm0629618/?ref_=ttfc_fc_cl_t272","1",""
"Richard Penn","http://www.imdb.com/name/nm0672005/?ref_=ttfc_fc_cl_t273","1",""
"Alan F. Smith","http://www.imdb.com/name/nm0807228/?ref_=ttfc_fc_cl_t275","1",""
"Rena Sofer","http://www.imdb.com/name/nm0812133/?ref_=ttfc_fc_cl_t276","1",""
"Ivana Milicevic","http://www.imdb.com/name/nm0587431/?ref_=ttfc_fc_cl_t278","1",""
"Maria Pitillo","http://www.imdb.com/name/nm0001623/?ref_=ttfc_fc_cl_t279","1",""
"Vince Vieluf","http://www.imdb.com/name/nm0896735/?ref_=ttfc_fc_cl_t358","1","http://www.imdb.com/character/ch0153826/?ref_=ttfc_fc_cl_t358","Ned Morse","http://www.imdb.com/character/ch0153826/?ref_=ttfc_fc_cl_t358"
"John Stamos","http://www.imdb.com/name/nm0001764/?ref_=ttfc_fc_cl_t281","1",""
"James Le Gros","http://www.imdb.com/name/nm0001457/?ref_=ttfc_fc_cl_t361","1","http://www.imdb.com/character/ch0381149/?ref_=ttfc_fc_cl_t361","Jim Nelson","http://www.imdb.com/character/ch0381149/?ref_=ttfc_fc_cl_t361"
"Timothy Starks","http://www.imdb.com/name/nm0823368/?ref_=ttfc_fc_cl_t282","1",""
"Jane Lynch","http://www.imdb.com/name/nm0528331/?ref_=ttfc_fc_cl_t284","1",""
"Jim O'Heir","http://www.imdb.com/name/nm0641389/?ref_=ttfc_fc_cl_t285","1",""
"Iris Bahr","http://www.imdb.com/name/nm0052754/?ref_=ttfc_fc_cl_t368","1","http://www.imdb.com/character/ch0151246/?ref_=ttfc_fc_cl_t368","Glenda","http://www.imdb.com/character/ch0151246/?ref_=ttfc_fc_cl_t368"
"Jack Armstrong","http://www.imdb.com/name/nm0035737/?ref_=ttfc_fc_cl_t287","1",""
"Nancy Cassaro","http://www.imdb.com/name/nm0144007/?ref_=ttfc_fc_cl_t288","1",""
"Anne Dudek","http://www.imdb.com/name/nm0240043/?ref_=ttfc_fc_cl_t371","1","http://www.imdb.com/character/ch0151239/?ref_=ttfc_fc_cl_t371","Precious","http://www.imdb.com/character/ch0151239/?ref_=ttfc_fc_cl_t371"
"Jenifer Lewis","http://www.imdb.com/name/nm0507338/?ref_=ttfc_fc_cl_t289","1",""
"Tommy Blaze","http://www.imdb.com/name/nm0087984/?ref_=ttfc_fc_cl_t290","1",""
"Evan Handler","http://www.imdb.com/name/nm0359577/?ref_=ttfc_fc_cl_t372","1","http://www.imdb.com/character/ch0376973/?ref_=ttfc_fc_cl_t372","The Director","http://www.imdb.com/character/ch0376973/?ref_=ttfc_fc_cl_t372"
"Spencer Cherashore","http://www.imdb.com/name/nm1483941/?ref_=ttfc_fc_cl_t291","1",""
"Lynn Clark","http://www.imdb.com/name/nm0164232/?ref_=ttfc_fc_cl_t292","1",""
"Ming Lo","http://www.imdb.com/name/nm0591247/?ref_=ttfc_fc_cl_t375","1","http://www.imdb.com/character/ch0151248/?ref_=ttfc_fc_cl_t375","Dr. Li","http://www.imdb.com/character/ch0151248/?ref_=ttfc_fc_cl_t375"
"Janice Davies","http://www.imdb.com/name/nm0203774/?ref_=ttfc_fc_cl_t293","1",""
"Danny Dayton","http://www.imdb.com/name/nm0001894/?ref_=ttfc_fc_cl_t294","1",""
"Daryl Sabara","http://www.imdb.com/name/nm0754512/?ref_=ttfc_fc_cl_t377","1","http://www.imdb.com/character/ch0151240/?ref_=ttfc_fc_cl_t377","Owen","http://www.imdb.com/character/ch0151240/?ref_=ttfc_fc_cl_t377"
"Barry Diamond","http://www.imdb.com/name/nm0224588/?ref_=ttfc_fc_cl_t295","1",""
"Buck Kartalian","http://www.imdb.com/name/nm0440203/?ref_=ttfc_fc_cl_t296","1",""
"Matt Winston","http://www.imdb.com/name/nm0935616/?ref_=ttfc_fc_cl_t380","1","http://www.imdb.com/character/ch0381148/?ref_=ttfc_fc_cl_t380","the Charity Clerk","http://www.imdb.com/character/ch0381148/?ref_=ttfc_fc_cl_t380"
"Heather Medway","http://www.imdb.com/name/nm0575977/?ref_=ttfc_fc_cl_t297","1",""
"Victor Raider-Wexler","http://www.imdb.com/name/nm0706838/?ref_=ttfc_fc_cl_t298","1",""
"David Sederholm","http://www.imdb.com/name/nm0781269/?ref_=ttfc_fc_cl_t299","1",""
"Harry Shearer","http://www.imdb.com/name/nm0733427/?ref_=ttfc_fc_cl_t300","1",""
"Stuart Fratkin","http://www.imdb.com/name/nm0292355/?ref_=ttfc_fc_cl_t385","1","http://www.imdb.com/character/ch0221714/?ref_=ttfc_fc_cl_t385","Lowell","http://www.imdb.com/character/ch0221714/?ref_=ttfc_fc_cl_t385"
"Darryl Sivad","http://www.imdb.com/name/nm0803331/?ref_=ttfc_fc_cl_t301","1",""
"Lara Harris","http://www.imdb.com/name/nm0364973/?ref_=ttfc_fc_cl_t386","1","http://www.imdb.com/character/ch0221716/?ref_=ttfc_fc_cl_t386","Obsession Girl","http://www.imdb.com/character/ch0221716/?ref_=ttfc_fc_cl_t386"
"Fisher Stevens","http://www.imdb.com/name/nm0001770/?ref_=ttfc_fc_cl_t302","1",""
"Dan Castellaneta","http://www.imdb.com/name/nm0144657/?ref_=ttfc_fc_cl_t303","1",""
"Lisa Roberts Gillan","http://www.imdb.com/name/nm0731359/?ref_=ttfc_fc_cl_t304","1",""
"Charlie Sheen","http://www.imdb.com/name/nm0000221/?ref_=ttfc_fc_cl_t305","1",""
"Matt Battaglia","http://www.imdb.com/name/nm0061307/?ref_=ttfc_fc_cl_t306","1",""
"Brenda Vaccaro","http://www.imdb.com/name/nm0882853/?ref_=ttfc_fc_cl_t394","1","http://www.imdb.com/character/ch0356748/?ref_=ttfc_fc_cl_t394","Gloria Tribbiani","http://www.imdb.com/character/ch0356748/?ref_=ttfc_fc_cl_t394"
"Elizabeth Daily","http://www.imdb.com/name/nm0197354/?ref_=ttfc_fc_cl_t307","1",""
"Richard Fancy","http://www.imdb.com/name/nm0266697/?ref_=ttfc_fc_cl_t308","1",""
"Markus Flanagan","http://www.imdb.com/name/nm0281074/?ref_=ttfc_fc_cl_t309","1",""
"Rhoda Gemignani","http://www.imdb.com/name/nm0312564/?ref_=ttfc_fc_cl_t310","1",""
"Carlos Gómez","http://www.imdb.com/name/nm0326988/?ref_=ttfc_fc_cl_t311","1",""
"Jana Marie Hupp","http://www.imdb.com/name/nm0403272/?ref_=ttfc_fc_cl_t401","1","http://www.imdb.com/character/ch0186615/?ref_=ttfc_fc_cl_t401","Mindy","http://www.imdb.com/character/ch0186615/?ref_=ttfc_fc_cl_t401"
"Jamie Kaler","http://www.imdb.com/name/nm0435695/?ref_=ttfc_fc_cl_t312","1",""
"Matt Kaminsky","http://www.imdb.com/name/nm0436751/?ref_=ttfc_fc_cl_t313","1",""
"Phil Leeds","http://www.imdb.com/name/nm0498609/?ref_=ttfc_fc_cl_t403","1","http://www.imdb.com/character/ch0052987/?ref_=ttfc_fc_cl_t403","Mr. Adelman","http://www.imdb.com/character/ch0052987/?ref_=ttfc_fc_cl_t403"
"Mimi Lieber","http://www.imdb.com/name/nm0509347/?ref_=ttfc_fc_cl_t314","1",""
"Jim Pirri","http://www.imdb.com/name/nm0685308/?ref_=ttfc_fc_cl_t315","1",""
"Gretchen Wyler","http://www.imdb.com/name/nm0943738/?ref_=ttfc_fc_cl_t316","1",""
"Richard Branson","http://www.imdb.com/name/nm0105232/?ref_=ttfc_fc_cl_t317","1",""
"Michal Connor","http://www.imdb.com/name/nm2326320/?ref_=ttfc_fc_cl_t318","1",""
"Cindy Katz","http://www.imdb.com/name/nm0441654/?ref_=ttfc_fc_cl_t319","1",""
"Christina Moore","http://www.imdb.com/name/nm0601041/?ref_=ttfc_fc_cl_t320","1",""
"Jennette Robbins","http://www.imdb.com/name/nm1575231/?ref_=ttfc_fc_cl_t321","1",""
"Lisa Rotondi","http://www.imdb.com/name/nm0745402/?ref_=ttfc_fc_cl_t322","1",""
"Sandra Thigpen","http://www.imdb.com/name/nm0858109/?ref_=ttfc_fc_cl_t323","1",""
"Mark Thomas","http://www.imdb.com/name/nm0859210/?ref_=ttfc_fc_cl_t324","1",""
"David Dalton","http://www.imdb.com/name/nm0198260/?ref_=ttfc_fc_cl_t325","1",""
"Mark Fite","http://www.imdb.com/name/nm0280051/?ref_=ttfc_fc_cl_t327","1",""
"Hugh Laurie","http://www.imdb.com/name/nm0491402/?ref_=ttfc_fc_cl_t424","1","http://www.imdb.com/character/ch0299361/?ref_=ttfc_fc_cl_t424","The Gentleman on the Plane","http://www.imdb.com/character/ch0299361/?ref_=ttfc_fc_cl_t424"
"Victoria Garcia-Kelleher","http://www.imdb.com/name/nm0445556/?ref_=ttfc_fc_cl_t328","1",""
"Todd Glass","http://www.imdb.com/name/nm1320696/?ref_=ttfc_fc_cl_t329","1",""
"Tembi Locke","http://www.imdb.com/name/nm0516806/?ref_=ttfc_fc_cl_t330","1",""
"John C. McDonnell","http://www.imdb.com/name/nm0568111/?ref_=ttfc_fc_cl_t331","1",""
"Lex Medlin","http://www.imdb.com/name/nm0575843/?ref_=ttfc_fc_cl_t332","1",""
"Kevin Ruf","http://www.imdb.com/name/nm0749225/?ref_=ttfc_fc_cl_t333","1",""
"Megan Ward","http://www.imdb.com/name/nm0911725/?ref_=ttfc_fc_cl_t334","1",""
"Julia Campbell","http://www.imdb.com/name/nm0132610/?ref_=ttfc_fc_cl_t335","1",""
"Lise Simms","http://www.imdb.com/name/nm0799985/?ref_=ttfc_fc_cl_t435","1","http://www.imdb.com/character/ch0216803/?ref_=ttfc_fc_cl_t435","Kara","http://www.imdb.com/character/ch0216803/?ref_=ttfc_fc_cl_t435"
"Larry Joe Campbell","http://www.imdb.com/name/nm0132660/?ref_=ttfc_fc_cl_t336","1",""
"Brian Dunkleman","http://www.imdb.com/name/nm0242352/?ref_=ttfc_fc_cl_t338","1",""
"Amy Hill","http://www.imdb.com/name/nm0384032/?ref_=ttfc_fc_cl_t339","1",""
"Steve Hytner","http://www.imdb.com/name/nm0405337/?ref_=ttfc_fc_cl_t340","1",""
"Chris Kennedy","http://www.imdb.com/name/nm0447963/?ref_=ttfc_fc_cl_t341","1",""
"Suzanne Lanza","http://www.imdb.com/name/nm0487305/?ref_=ttfc_fc_cl_t342","1",""
"Cody Tucker","http://www.imdb.com/name/nm0875826/?ref_=ttfc_fc_cl_t446","1","http://www.imdb.com/character/ch0166774/?ref_=ttfc_fc_cl_t446","Kathy","http://www.imdb.com/character/ch0166774/?ref_=ttfc_fc_cl_t446"
"Jill Matson-Sachoff","http://www.imdb.com/name/nm0559363/?ref_=ttfc_fc_cl_t343","1",""
"Terry Rhoads","http://www.imdb.com/name/nm0722345/?ref_=ttfc_fc_cl_t344","1",""
"Greg Wrangler","http://www.imdb.com/name/nm0942010/?ref_=ttfc_fc_cl_t448","1","http://www.imdb.com/character/ch0238409/?ref_=ttfc_fc_cl_t448","Fireman #1","http://www.imdb.com/character/ch0238409/?ref_=ttfc_fc_cl_t448"
"Richard Roat","http://www.imdb.com/name/nm0730140/?ref_=ttfc_fc_cl_t345","1",""
"Michael D. Roberts","http://www.imdb.com/name/nm0731426/?ref_=ttfc_fc_cl_t346","1",""
"Joeanna Sayler","http://www.imdb.com/name/nm1376366/?ref_=ttfc_fc_cl_t347","1",""
"Jean St. James","http://www.imdb.com/name/nm0679531/?ref_=ttfc_fc_cl_t348","1",""
"Susan Yeagley","http://www.imdb.com/name/nm0947044/?ref_=ttfc_fc_cl_t349","1",""
"Gina Belafonte","http://www.imdb.com/name/nm0067503/?ref_=ttfc_fc_cl_t350","1",""
"Jack Betts","http://www.imdb.com/name/nm0079439/?ref_=ttfc_fc_cl_t351","1",""
"Shawn Christian","http://www.imdb.com/name/nm0160085/?ref_=ttfc_fc_cl_t352","1",""
"Jackie Debatin","http://www.imdb.com/name/nm0213339/?ref_=ttfc_fc_cl_t353","1",""
"Joyce Guy","http://www.imdb.com/name/nm0349824/?ref_=ttfc_fc_cl_t354","1",""
"Lyn Alicia Henderson","http://www.imdb.com/name/nm0376531/?ref_=ttfc_fc_cl_t355","1",""
"Harry S. Murphy","http://www.imdb.com/name/nm0614300/?ref_=ttfc_fc_cl_t356","1",""
"Tammy Townsend","http://www.imdb.com/name/nm0870206/?ref_=ttfc_fc_cl_t357","1",""
"Kevin Farrell","http://www.imdb.com/name/nm1073928/?ref_=ttfc_fc_cl_t359","1",""
"Elaine Hendrix","http://www.imdb.com/name/nm0005006/?ref_=ttfc_fc_cl_t360","1",""
"Kyle Gass","http://www.imdb.com/name/nm0309307/?ref_=ttfc_fc_cl_t473","1","http://www.imdb.com/character/ch0221714/?ref_=ttfc_fc_cl_t473","Lowell","http://www.imdb.com/character/ch0221714/?ref_=ttfc_fc_cl_t473"
"Freddie Prinze Jr.","http://www.imdb.com/name/nm0005327/?ref_=ttfc_fc_cl_t362","1",""
"Tucker Smallwood","http://www.imdb.com/name/nm0806613/?ref_=ttfc_fc_cl_t363","1",""
"Cathy Lind Hayes","http://www.imdb.com/name/nm0370935/?ref_=ttfc_fc_cl_t475","1","http://www.imdb.com/character/ch0151249/?ref_=ttfc_fc_cl_t475","Dr. Biely","http://www.imdb.com/character/ch0151249/?ref_=ttfc_fc_cl_t475"
"Adria Tennor","http://www.imdb.com/name/nm0855133/?ref_=ttfc_fc_cl_t364","1",""
"Susan Ward","http://www.imdb.com/name/nm0911861/?ref_=ttfc_fc_cl_t365","1",""
"Irene White","http://www.imdb.com/name/nm0924884/?ref_=ttfc_fc_cl_t366","1",""
"Matthew Yang King","http://www.imdb.com/name/nm0455058/?ref_=ttfc_fc_cl_t367","1",""
"Sean Whalen","http://www.imdb.com/name/nm0923490/?ref_=ttfc_fc_cl_t483","1","http://www.imdb.com/character/ch0221389/?ref_=ttfc_fc_cl_t483","Pizza Guy","http://www.imdb.com/character/ch0221389/?ref_=ttfc_fc_cl_t483"
"John Balma","http://www.imdb.com/name/nm0050955/?ref_=ttfc_fc_cl_t369","1",""
"John Bentley","http://www.imdb.com/name/nm1631513/?ref_=ttfc_fc_cl_t370","1",""
"Larry Poindexter","http://www.imdb.com/name/nm0223315/?ref_=ttfc_fc_cl_t487","1","http://www.imdb.com/character/ch0238409/?ref_=ttfc_fc_cl_t487","Fireman Dave","http://www.imdb.com/character/ch0238409/?ref_=ttfc_fc_cl_t487"
"Teck Holmes","http://www.imdb.com/name/nm0392068/?ref_=ttfc_fc_cl_t373","1",""
"Ken Lerner","http://www.imdb.com/name/nm0503624/?ref_=ttfc_fc_cl_t374","1",""
"Blake Reed","http://www.imdb.com/name/nm2294927/?ref_=ttfc_fc_cl_t376","1",""
"Jonathan Slavin","http://www.imdb.com/name/nm0805587/?ref_=ttfc_fc_cl_t378","1",""
"Myra Turley","http://www.imdb.com/name/nm0877252/?ref_=ttfc_fc_cl_t379","1",""
"Hira Ambrosino","http://www.imdb.com/name/nm1014366/?ref_=ttfc_fc_cl_t381","1",""
"Donny Osmond","http://www.imdb.com/name/nm0005287/?ref_=ttfc_fc_cl_t382","1",""
"Annie Parisse","http://www.imdb.com/name/nm0661755/?ref_=ttfc_fc_cl_t383","1",""
"Leesa Bryte","http://www.imdb.com/name/nm0117480/?ref_=ttfc_fc_cl_t384","1",""
"Wayne Pére","http://www.imdb.com/name/nm0701818/?ref_=ttfc_fc_cl_t387","1",""
"Joel Beeson","http://www.imdb.com/name/nm0066602/?ref_=ttfc_fc_cl_t388","1",""
"Catherine Bell","http://www.imdb.com/name/nm0004738/?ref_=ttfc_fc_cl_t389","1",""
"Kerrie Clark","http://www.imdb.com/name/nm0164166/?ref_=ttfc_fc_cl_t390","1",""
"Marcus Jacques","http://www.imdb.com/name/nm1276055/?ref_=ttfc_fc_cl_t391","1",""
"Leah Remini","http://www.imdb.com/name/nm0718957/?ref_=ttfc_fc_cl_t392","1",""
"Philip Rayburn Smith","http://www.imdb.com/name/nm0809609/?ref_=ttfc_fc_cl_t393","1",""
"Nancy Valen","http://www.imdb.com/name/nm0883940/?ref_=ttfc_fc_cl_t395","1",""
"Jonathan T. Floyd","http://www.imdb.com/name/nm0283273/?ref_=ttfc_fc_cl_t521","1","http://www.imdb.com/character/ch0029130/?ref_=ttfc_fc_cl_t521","Gary","http://www.imdb.com/character/ch0029130/?ref_=ttfc_fc_cl_t521"
"Angela Visser","http://www.imdb.com/name/nm0899712/?ref_=ttfc_fc_cl_t396","1",""
"Michael Bower","http://www.imdb.com/name/nm0100989/?ref_=ttfc_fc_cl_t397","1",""
"Mark Cohen","http://www.imdb.com/name/nm0169581/?ref_=ttfc_fc_cl_t398","1",""
"David Warshofsky","http://www.imdb.com/name/nm0913175/?ref_=ttfc_fc_cl_t526","1","http://www.imdb.com/character/ch0238409/?ref_=ttfc_fc_cl_t526","Fireman #2","http://www.imdb.com/character/ch0238409/?ref_=ttfc_fc_cl_t526"
"Jason Graae","http://www.imdb.com/name/nm0333158/?ref_=ttfc_fc_cl_t399","1",""
"Mary-Pat Green","http://www.imdb.com/name/nm0338144/?ref_=ttfc_fc_cl_t400","1",""
"Seth Isler","http://www.imdb.com/name/nm0411304/?ref_=ttfc_fc_cl_t402","1",""
"Linda Lutz","http://www.imdb.com/name/nm0527587/?ref_=ttfc_fc_cl_t404","1",""
"Laraine Newman","http://www.imdb.com/name/nm0628170/?ref_=ttfc_fc_cl_t405","1",""
"Kyla Pratt","http://www.imdb.com/name/nm0695497/?ref_=ttfc_fc_cl_t406","1",""
"Marissa Ribisi","http://www.imdb.com/name/nm0005356/?ref_=ttfc_fc_cl_t407","1",""
"Nancy Rubin","http://www.imdb.com/name/nm0748134/?ref_=ttfc_fc_cl_t408","1",""
"Rachael Harris","http://www.imdb.com/name/nm0006713/?ref_=ttfc_fc_cl_t541","1","http://www.imdb.com/character/ch0052986/?ref_=ttfc_fc_cl_t541","Julie","http://www.imdb.com/character/ch0052986/?ref_=ttfc_fc_cl_t541"
"Fred Willard","http://www.imdb.com/name/nm0929609/?ref_=ttfc_fc_cl_t409","1",""
"Micheal DiMaggio","http://www.imdb.com/name/nm0227157/?ref_=ttfc_fc_cl_t410","1",""
"Mark Lutz","http://www.imdb.com/name/nm0527592/?ref_=ttfc_fc_cl_t543","1","http://www.imdb.com/character/ch0381150/?ref_=ttfc_fc_cl_t543","Mona's Date","http://www.imdb.com/character/ch0381150/?ref_=ttfc_fc_cl_t543"
"Robert Gant","http://www.imdb.com/name/nm0304580/?ref_=ttfc_fc_cl_t411","1",""
"Marcy Goldman","http://www.imdb.com/name/nm0325843/?ref_=ttfc_fc_cl_t412","1",""
"Gina Hecht","http://www.imdb.com/name/nm0372958/?ref_=ttfc_fc_cl_t413","1",""
"Alex Meneses","http://www.imdb.com/name/nm0005224/?ref_=ttfc_fc_cl_t414","1",""
"Jennifer Rhodes","http://www.imdb.com/name/nm0722451/?ref_=ttfc_fc_cl_t415","1",""
"Brian 'Fish' Smith","http://www.imdb.com/name/nm0807518/?ref_=ttfc_fc_cl_t416","1",""
"Ken Weiler","http://www.imdb.com/name/nm0918015/?ref_=ttfc_fc_cl_t417","1",""
"Tom Bailey","http://www.imdb.com/name/nm0047520/?ref_=ttfc_fc_cl_t418","1",""
"Benjamin Caya","http://www.imdb.com/name/nm1677458/?ref_=ttfc_fc_cl_t555","1","http://www.imdb.com/character/ch0221390/?ref_=ttfc_fc_cl_t555","Bratty Boy","http://www.imdb.com/character/ch0221390/?ref_=ttfc_fc_cl_t555"
"Doug Benson","http://www.imdb.com/name/nm0072476/?ref_=ttfc_fc_cl_t419","1",""
"Anne Betancourt","http://www.imdb.com/name/nm0079101/?ref_=ttfc_fc_cl_t420","1",""
"Patrick Fabian","http://www.imdb.com/name/nm0264579/?ref_=ttfc_fc_cl_t421","1",""
"Robert M. Koch","http://www.imdb.com/name/nm0462400/?ref_=ttfc_fc_cl_t422","1",""
"Carlos Lacamara","http://www.imdb.com/name/nm0479801/?ref_=ttfc_fc_cl_t423","1",""
"Edo Azran","http://www.imdb.com/name/nm2689352/?ref_=ttfc_fc_cl_t562","1","http://www.imdb.com/character/ch0007153/?ref_=ttfc_fc_cl_t562","Young Ross","http://www.imdb.com/character/ch0007153/?ref_=ttfc_fc_cl_t562"
"John R. McLaughlin","http://www.imdb.com/name/nm1943734/?ref_=ttfc_fc_cl_t425","1",""
"Adamo Palladino","http://www.imdb.com/name/nm0657759/?ref_=ttfc_fc_cl_t426","1",""
"Alexia Roberts","http://www.imdb.com/name/nm2483768/?ref_=ttfc_fc_cl_t427","1",""
"Linde Gibb","http://www.imdb.com/name/nm2468634/?ref_=ttfc_fc_cl_t428","1",""
"Marc Goldsmith","http://www.imdb.com/name/nm1156971/?ref_=ttfc_fc_cl_t429","1",""
"Rojai Holloway","http://www.imdb.com/name/nm2768808/?ref_=ttfc_fc_cl_t430","1",""
"Charity Nicole James","http://www.imdb.com/name/nm0416350/?ref_=ttfc_fc_cl_t431","1",""
"Judy Kain","http://www.imdb.com/name/nm0435071/?ref_=ttfc_fc_cl_t432","1",""
"Janelle Paradee","http://www.imdb.com/name/nm0660816/?ref_=ttfc_fc_cl_t433","1",""
"K.J. Steinberg","http://www.imdb.com/name/nm0825774/?ref_=ttfc_fc_cl_t576","1","http://www.imdb.com/character/ch0007160/?ref_=ttfc_fc_cl_t576","Gina Tribbiani","http://www.imdb.com/character/ch0007160/?ref_=ttfc_fc_cl_t576"
"Missi Pyle","http://www.imdb.com/name/nm0701512/?ref_=ttfc_fc_cl_t434","1",""
"Antoinette Spolar","http://www.imdb.com/name/nm1056219/?ref_=ttfc_fc_cl_t436","1",""
"Aloma Wright","http://www.imdb.com/name/nm0942193/?ref_=ttfc_fc_cl_t437","1",""
"T.J. Thyne","http://www.imdb.com/name/nm0862328/?ref_=ttfc_fc_cl_t581","1","http://www.imdb.com/character/ch0221069/?ref_=ttfc_fc_cl_t581","Dr. Oberman","http://www.imdb.com/character/ch0221069/?ref_=ttfc_fc_cl_t581"
"John Apicella","http://www.imdb.com/name/nm0032033/?ref_=ttfc_fc_cl_t438","1",""
"Janet S. Blake","http://www.imdb.com/name/nm2125759/?ref_=ttfc_fc_cl_t439","1",""
"Doug Budin","http://www.imdb.com/name/nm0119013/?ref_=ttfc_fc_cl_t440","1",""
"Sean Corvelle","http://www.imdb.com/name/nm1434987/?ref_=ttfc_fc_cl_t441","1",""
"Joshua Cox","http://www.imdb.com/name/nm0185104/?ref_=ttfc_fc_cl_t442","1",""
"Cheryl Hines","http://www.imdb.com/name/nm0385644/?ref_=ttfc_fc_cl_t443","1",""
"Caroline Keenan","http://www.imdb.com/name/nm0444629/?ref_=ttfc_fc_cl_t444","1",""
"Ron Recasner","http://www.imdb.com/name/nm0714414/?ref_=ttfc_fc_cl_t445","1",""
"Ilia Volok","http://www.imdb.com/name/nm0901679/?ref_=ttfc_fc_cl_t447","1",""
"Emily Osment","http://www.imdb.com/name/nm0652089/?ref_=ttfc_fc_cl_t595","1","http://www.imdb.com/character/ch0394535/?ref_=ttfc_fc_cl_t595","Lelani Mayolanofavich","http://www.imdb.com/character/ch0394535/?ref_=ttfc_fc_cl_t595"
"Chuck Martinez","http://www.imdb.com/name/nm0553492/?ref_=ttfc_fc_cl_t449","1",""
"Teresa Parente","http://www.imdb.com/name/nm0661328/?ref_=ttfc_fc_cl_t450","1",""
"Allisyn Ashley Arm","http://www.imdb.com/name/nm1534694/?ref_=ttfc_fc_cl_t599","1","http://www.imdb.com/character/ch0151242/?ref_=ttfc_fc_cl_t599","Leslie Buffay","http://www.imdb.com/character/ch0151242/?ref_=ttfc_fc_cl_t599"
"Jim Piddock","http://www.imdb.com/name/nm0682063/?ref_=ttfc_fc_cl_t451","1",""
"Geoff Pierson","http://www.imdb.com/name/nm0682762/?ref_=ttfc_fc_cl_t452","1",""
"Dale Raoul","http://www.imdb.com/name/nm0710632/?ref_=ttfc_fc_cl_t453","1",""
"Mailon Rivera","http://www.imdb.com/name/nm0729348/?ref_=ttfc_fc_cl_t454","1",""
"Brent Spiner","http://www.imdb.com/name/nm0000653/?ref_=ttfc_fc_cl_t605","1","http://www.imdb.com/character/ch0151371/?ref_=ttfc_fc_cl_t605","James Campbell","http://www.imdb.com/character/ch0151371/?ref_=ttfc_fc_cl_t605"
"Steven Rozic","http://www.imdb.com/name/nm1697828/?ref_=ttfc_fc_cl_t455","1",""
"Joan Pringle","http://www.imdb.com/name/nm0697824/?ref_=ttfc_fc_cl_t606","1","http://www.imdb.com/character/ch0221069/?ref_=ttfc_fc_cl_t606","Dr. Oberman","http://www.imdb.com/character/ch0221069/?ref_=ttfc_fc_cl_t606"
"Wayne Edward Sherwood","http://www.imdb.com/name/nm1405202/?ref_=ttfc_fc_cl_t456","1",""
"Marilyn Tokuda","http://www.imdb.com/name/nm0865795/?ref_=ttfc_fc_cl_t607","1","http://www.imdb.com/character/ch0221715/?ref_=ttfc_fc_cl_t607","Nana's Nurse","http://www.imdb.com/character/ch0221715/?ref_=ttfc_fc_cl_t607"
"Daniel E. Smith","http://www.imdb.com/name/nm0807826/?ref_=ttfc_fc_cl_t457","1",""
"Joel Gretsch","http://www.imdb.com/name/nm0340408/?ref_=ttfc_fc_cl_t608","1","http://www.imdb.com/character/ch0238409/?ref_=ttfc_fc_cl_t608","Fireman Ed","http://www.imdb.com/character/ch0238409/?ref_=ttfc_fc_cl_t608"
"Marla Sokoloff","http://www.imdb.com/name/nm0005448/?ref_=ttfc_fc_cl_t458","1",""
"Leila Kenzle","http://www.imdb.com/name/nm0005087/?ref_=ttfc_fc_cl_t609","1","http://www.imdb.com/character/ch0205379/?ref_=ttfc_fc_cl_t609","Fran Devanow","http://www.imdb.com/character/ch0205379/?ref_=ttfc_fc_cl_t609"
"George Stults","http://www.imdb.com/name/nm1169471/?ref_=ttfc_fc_cl_t459","1",""
"Nikita Ager","http://www.imdb.com/name/nm0012973/?ref_=ttfc_fc_cl_t460","1",""
"Chris Payne Gilbert","http://www.imdb.com/name/nm0668283/?ref_=ttfc_fc_cl_t461","1",""
"Robin Krieger","http://www.imdb.com/name/nm0471213/?ref_=ttfc_fc_cl_t462","1",""
"Tim Maculan","http://www.imdb.com/name/nm0534380/?ref_=ttfc_fc_cl_t463","1",""
"Kat Sawyer-Young","http://www.imdb.com/name/nm0768237/?ref_=ttfc_fc_cl_t464","1",""
"Susan Slome","http://www.imdb.com/name/nm0972127/?ref_=ttfc_fc_cl_t465","1",""
"Caryn Ward","http://www.imdb.com/name/nm0911434/?ref_=ttfc_fc_cl_t466","1",""
"Gregory White","http://www.imdb.com/name/nm0924845/?ref_=ttfc_fc_cl_t467","1",""
"Ben Stiller","http://www.imdb.com/name/nm0001774/?ref_=ttfc_fc_cl_t622","1","http://www.imdb.com/character/ch0395217/?ref_=ttfc_fc_cl_t622","Tommy","http://www.imdb.com/character/ch0395217/?ref_=ttfc_fc_cl_t622"
"Terence Paul Winter","http://www.imdb.com/name/nm0935834/?ref_=ttfc_fc_cl_t468","1",""
"Shayne Anderson","http://www.imdb.com/name/nm2792358/?ref_=ttfc_fc_cl_t469","1",""
"Jennifer Aspen","http://www.imdb.com/name/nm0004719/?ref_=ttfc_fc_cl_t470","1",""
"Joshua Preston","http://www.imdb.com/name/nm0696447/?ref_=ttfc_fc_cl_t626","1","http://www.imdb.com/character/ch0007147/?ref_=ttfc_fc_cl_t626","Young Chandler","http://www.imdb.com/character/ch0007147/?ref_=ttfc_fc_cl_t626"
"Debra Azar","http://www.imdb.com/name/nm1017563/?ref_=ttfc_fc_cl_t471","1",""
"Alex Borstein","http://www.imdb.com/name/nm0097504/?ref_=ttfc_fc_cl_t472","1",""
"Ernie Grunwald","http://www.imdb.com/name/nm0344649/?ref_=ttfc_fc_cl_t474","1",""
"Jim Meskimen","http://www.imdb.com/name/nm0002350/?ref_=ttfc_fc_cl_t476","1",""
"Carly Thomas Smith","http://www.imdb.com/name/nm0858592/?ref_=ttfc_fc_cl_t477","1",""
"Andy Umberger","http://www.imdb.com/name/nm0880820/?ref_=ttfc_fc_cl_t478","1",""
"Audrey Wasilewski","http://www.imdb.com/name/nm0913585/?ref_=ttfc_fc_cl_t479","1",""
"Jorge Luis Abreu","http://www.imdb.com/name/nm0009344/?ref_=ttfc_fc_cl_t480","1",""
"Alex Craig Mann","http://www.imdb.com/name/nm0542638/?ref_=ttfc_fc_cl_t481","1",""
"Sarah MacDonnell","http://www.imdb.com/name/nm0531996/?ref_=ttfc_fc_cl_t482","1",""
"Sierra Marcoux","http://www.imdb.com/name/nm1535254/?ref_=ttfc_fc_cl_t644","1","http://www.imdb.com/character/ch0151243/?ref_=ttfc_fc_cl_t644","Chandler Buffay","http://www.imdb.com/character/ch0151243/?ref_=ttfc_fc_cl_t644"
"Hugh Dane","http://www.imdb.com/name/nm0199317/?ref_=ttfc_fc_cl_t484","1",""
"Merrill Markoe","http://www.imdb.com/name/nm0548582/?ref_=ttfc_fc_cl_t647","1","http://www.imdb.com/character/ch0221070/?ref_=ttfc_fc_cl_t647","Marsha","http://www.imdb.com/character/ch0221070/?ref_=ttfc_fc_cl_t647"
"Jennifer Grant","http://www.imdb.com/name/nm0335462/?ref_=ttfc_fc_cl_t485","1",""
"Helen Hunt","http://www.imdb.com/name/nm0000166/?ref_=ttfc_fc_cl_t648","1","http://www.imdb.com/character/ch0045270/?ref_=ttfc_fc_cl_t648","Jamie Buchman","http://www.imdb.com/character/ch0045270/?ref_=ttfc_fc_cl_t648"
"Jo Jean Pagano","http://www.imdb.com/name/nm1535363/?ref_=ttfc_fc_cl_t486","1",""
"Emily Procter","http://www.imdb.com/name/nm0698346/?ref_=ttfc_fc_cl_t488","1",""
"Elizabeth Sjoli","http://www.imdb.com/name/nm0803529/?ref_=ttfc_fc_cl_t489","1",""
"Warren Berlinger","http://www.imdb.com/name/nm0075671/?ref_=ttfc_fc_cl_t490","1",""
"Andre Rosey Brown","http://www.imdb.com/name/nm0113012/?ref_=ttfc_fc_cl_t491","1",""
"Lewis Dix Jr.","http://www.imdb.com/name/nm0228689/?ref_=ttfc_fc_cl_t492","1",""
"Candace Gingrich","http://www.imdb.com/name/nm1988006/?ref_=ttfc_fc_cl_t493","1",""
"Tim Hutchinson","http://www.imdb.com/name/nm0404408/?ref_=ttfc_fc_cl_t494","1",""
"Steven M. Porter","http://www.imdb.com/name/nm0692298/?ref_=ttfc_fc_cl_t495","1",""
"Romy Rosemont","http://www.imdb.com/name/nm0741891/?ref_=ttfc_fc_cl_t496","1",""
"Vanessa Sandin","http://www.imdb.com/name/nm0761933/?ref_=ttfc_fc_cl_t497","1",""
"Peter Spears","http://www.imdb.com/name/nm0817379/?ref_=ttfc_fc_cl_t498","1",""
"Scott Stewart","http://www.imdb.com/name/nm0829819/?ref_=ttfc_fc_cl_t499","1",""
"Lou Thornton","http://www.imdb.com/name/nm0861562/?ref_=ttfc_fc_cl_t500","1",""
"Shannon Maureen Brown","http://www.imdb.com/name/nm0114656/?ref_=ttfc_fc_cl_t501","1",""
"Richard Gant","http://www.imdb.com/name/nm0304579/?ref_=ttfc_fc_cl_t502","1",""
"Dante Pastula","http://www.imdb.com/name/nm1535376/?ref_=ttfc_fc_cl_t672","1","http://www.imdb.com/character/ch0151241/?ref_=ttfc_fc_cl_t672","Frank Buffay Jr. Jr.","http://www.imdb.com/character/ch0151241/?ref_=ttfc_fc_cl_t672"
"Brien Perry","http://www.imdb.com/name/nm0674992/?ref_=ttfc_fc_cl_t503","1",""
"Penny Santon","http://www.imdb.com/name/nm0763842/?ref_=ttfc_fc_cl_t504","1",""
"Wendy Schaal","http://www.imdb.com/name/nm0769446/?ref_=ttfc_fc_cl_t505","1",""
"Marc Unger","http://www.imdb.com/name/nm1328862/?ref_=ttfc_fc_cl_t506","1",""
"Lee Arenberg","http://www.imdb.com/name/nm0034305/?ref_=ttfc_fc_cl_t507","1",""
"Shirley Jordan","http://www.imdb.com/name/nm0430186/?ref_=ttfc_fc_cl_t508","1",""
"Thea Mann","http://www.imdb.com/name/nm0542996/?ref_=ttfc_fc_cl_t509","1",""
"Alec Mapa","http://www.imdb.com/name/nm0544568/?ref_=ttfc_fc_cl_t510","1",""
"Robin McDonald","http://www.imdb.com/name/nm0567973/?ref_=ttfc_fc_cl_t511","1",""
"Rocky McMurray","http://www.imdb.com/name/nm0573480/?ref_=ttfc_fc_cl_t512","1",""
"Iqbal Theba","http://www.imdb.com/name/nm0857290/?ref_=ttfc_fc_cl_t513","1",""
"Lisa Cash","http://www.imdb.com/name/nm0143604/?ref_=ttfc_fc_cl_t514","1",""
"Stephon Fuller","http://www.imdb.com/name/nm0298351/?ref_=ttfc_fc_cl_t515","1",""
"Devyn LaBella","http://www.imdb.com/name/nm0478378/?ref_=ttfc_fc_cl_t516","1",""
"Alex Ball","http://www.imdb.com/name/nm1791206/?ref_=ttfc_fc_cl_t692","1","http://www.imdb.com/character/ch0151370/?ref_=ttfc_fc_cl_t692","Ralph Lauren Employee","http://www.imdb.com/character/ch0151370/?ref_=ttfc_fc_cl_t692"
"Frank Novak","http://www.imdb.com/name/nm0636839/?ref_=ttfc_fc_cl_t517","1",""
"Sandra Plazinic","http://www.imdb.com/name/nm0687064/?ref_=ttfc_fc_cl_t518","1",""
"Jim Wise","http://www.imdb.com/name/nm0936364/?ref_=ttfc_fc_cl_t519","1",""
"Mongo Brownlee","http://www.imdb.com/name/nm0115236/?ref_=ttfc_fc_cl_t520","1",""
"Evelyn Iliopoulos","http://www.imdb.com/name/nm4105464/?ref_=ttfc_fc_cl_t699","1","http://www.imdb.com/character/ch0007149/?ref_=ttfc_fc_cl_t699","Monica Geller (age 7)","http://www.imdb.com/character/ch0007149/?ref_=ttfc_fc_cl_t699"
"Cynthia Graham","http://www.imdb.com/name/nm0333984/?ref_=ttfc_fc_cl_t522","1",""
"Brad Koepenick","http://www.imdb.com/name/nm0449129/?ref_=ttfc_fc_cl_t523","1",""
"Sarah Murdoch","http://www.imdb.com/name/nm0641366/?ref_=ttfc_fc_cl_t524","1",""
"Natasha Pearce","http://www.imdb.com/name/nm0668991/?ref_=ttfc_fc_cl_t525","1",""
"Barry Wiggins","http://www.imdb.com/name/nm0927765/?ref_=ttfc_fc_cl_t527","1",""
"Wendee Cole","http://www.imdb.com/name/nm1361680/?ref_=ttfc_fc_cl_t528","1",""
"Cali Sheldon","http://www.imdb.com/name/nm1344400/?ref_=ttfc_fc_cl_t710","5","http://www.imdb.com/character/ch0030800/?ref_=ttfc_fc_cl_t710","Emma Geller-Green","http://www.imdb.com/character/ch0030800/?ref_=ttfc_fc_cl_t710"
"Rachel David","http://www.imdb.com/name/nm0203043/?ref_=ttfc_fc_cl_t529","1",""
"Noelle Sheldon","http://www.imdb.com/name/nm1343484/?ref_=ttfc_fc_cl_t711","5","http://www.imdb.com/character/ch0030800/?ref_=ttfc_fc_cl_t711","Emma Geller-Green","http://www.imdb.com/character/ch0030800/?ref_=ttfc_fc_cl_t711"
"Reggie Jordan","http://www.imdb.com/name/nm1214507/?ref_=ttfc_fc_cl_t530","1",""
"Katie","http://www.imdb.com/name/nm1442174/?ref_=ttfc_fc_cl_t712","3","http://www.imdb.com/character/ch0041124/?ref_=ttfc_fc_cl_t712","Marcel the Monkey","http://www.imdb.com/character/ch0041124/?ref_=ttfc_fc_cl_t712"
"Darlene Kardon","http://www.imdb.com/name/nm0439093/?ref_=ttfc_fc_cl_t531","1",""
"Cindy Lu","http://www.imdb.com/name/nm1026376/?ref_=ttfc_fc_cl_t532","1",""
"Johnny Messner","http://www.imdb.com/name/nm0582257/?ref_=ttfc_fc_cl_t533","1",""
"John O'Brien","http://www.imdb.com/name/nm0639625/?ref_=ttfc_fc_cl_t534","1",""
"Marc Rose","http://www.imdb.com/name/nm0741552/?ref_=ttfc_fc_cl_t535","1",""
"Joel Heyman","http://www.imdb.com/name/nm0382273/?ref_=ttfc_fc_cl_t719","uncredited)
(2","http://www.imdb.com/character/ch0299361/?ref_=ttfc_fc_cl_t719","Guy on Plane","http://www.imdb.com/character/ch0299361/?ref_=ttfc_fc_cl_t719"
"Wesley Thompson","http://www.imdb.com/name/nm0860838/?ref_=ttfc_fc_cl_t536","1",""
"McKenzie Westmore","http://www.imdb.com/name/nm0922877/?ref_=ttfc_fc_cl_t537","1",""
"Martin Yu","http://www.imdb.com/name/nm0950535/?ref_=ttfc_fc_cl_t538","1",""
"Kevin Brief","http://www.imdb.com/name/nm0108861/?ref_=ttfc_fc_cl_t539","1",""
"Ellen Gerstein","http://www.imdb.com/name/nm0314910/?ref_=ttfc_fc_cl_t540","1",""
"Angee Hughes","http://www.imdb.com/name/nm0400450/?ref_=ttfc_fc_cl_t542","1",""
"Bryan Hanna","http://www.imdb.com/name/nm2185009/?ref_=ttfc_fc_cl_t728","uncredited)
(1","http://www.imdb.com/character/ch0221712/?ref_=ttfc_fc_cl_t728","Mean Guy in Coffee Shop","http://www.imdb.com/character/ch0221712/?ref_=ttfc_fc_cl_t728"
"Scott Richards","http://www.imdb.com/name/nm0724322/?ref_=ttfc_fc_cl_t544","1",""
"Lori Alan","http://www.imdb.com/name/nm0015935/?ref_=ttfc_fc_cl_t545","1",""
"Dan Desmond","http://www.imdb.com/name/nm0221430/?ref_=ttfc_fc_cl_t546","1",""
"Lea Thompson","http://www.imdb.com/name/nm0000670/?ref_=ttfc_fc_cl_t734","1","http://www.imdb.com/character/ch0058925/?ref_=ttfc_fc_cl_t734","Caroline Duffy","http://www.imdb.com/character/ch0058925/?ref_=ttfc_fc_cl_t734"
"Ethan Erickson","http://www.imdb.com/name/nm0004899/?ref_=ttfc_fc_cl_t547","1",""
"Mike Judge","http://www.imdb.com/name/nm0431918/?ref_=ttfc_fc_cl_t735","uncredited)
(1","http://www.imdb.com/character/ch0006972/?ref_=ttfc_fc_cl_t735","Beavis","http://www.imdb.com/character/ch0006972/?ref_=ttfc_fc_cl_t735"
"Suzanne Ford","http://www.imdb.com/name/nm0285890/?ref_=ttfc_fc_cl_t548","1",""
"Cheryl Kennard","http://www.imdb.com/name/nm0447840/?ref_=ttfc_fc_cl_t549","1",""
"Keith Pillow","http://www.imdb.com/name/nm1377241/?ref_=ttfc_fc_cl_t550","1",""
"Kellie Waymire","http://www.imdb.com/name/nm0915499/?ref_=ttfc_fc_cl_t551","1",""
"Leslie Charleson","http://www.imdb.com/name/nm0153184/?ref_=ttfc_fc_cl_t552","1",""
"Tim Rhoze","http://www.imdb.com/name/nm0722590/?ref_=ttfc_fc_cl_t553","1",""
"Carla Toutz","http://www.imdb.com/name/nm0869772/?ref_=ttfc_fc_cl_t554","1",""
"Carolyn Lowery","http://www.imdb.com/name/nm0523201/?ref_=ttfc_fc_cl_t556","1",""
"Jay Acovone","http://www.imdb.com/name/nm0010264/?ref_=ttfc_fc_cl_t557","1",""
"Carlo Imperato","http://www.imdb.com/name/nm0408251/?ref_=ttfc_fc_cl_t558","1",""
"Richard Lyons","http://www.imdb.com/name/nm0970625/?ref_=ttfc_fc_cl_t559","1",""
"Michele Lamar Richards","http://www.imdb.com/name/nm0724247/?ref_=ttfc_fc_cl_t560","1",""
"Jennifer Sommerfeld","http://www.imdb.com/name/nm0814033/?ref_=ttfc_fc_cl_t561","1",""
"Tim Bohn","http://www.imdb.com/name/nm0092116/?ref_=ttfc_fc_cl_t563","1",""
"Josie DiVincenzo","http://www.imdb.com/name/nm0228646/?ref_=ttfc_fc_cl_t564","1",""
"Sandra Gould","http://www.imdb.com/name/nm0332490/?ref_=ttfc_fc_cl_t565","1",""
"Sean Masterson","http://www.imdb.com/name/nm0557758/?ref_=ttfc_fc_cl_t566","1",""
"Christy L. Medrano","http://www.imdb.com/name/nm0575879/?ref_=ttfc_fc_cl_t567","1",""
"Brian Posehn","http://www.imdb.com/name/nm0692634/?ref_=ttfc_fc_cl_t568","1",""
"Symba","http://www.imdb.com/name/nm0810083/?ref_=ttfc_fc_cl_t569","1",""
"Ethel Ayler","http://www.imdb.com/name/nm0043847/?ref_=ttfc_fc_cl_t570","1",""
"Christopher Carroll","http://www.imdb.com/name/nm0140768/?ref_=ttfc_fc_cl_t571","1",""
"Carole Goldman","http://www.imdb.com/name/nm0325750/?ref_=ttfc_fc_cl_t572","1",""
"Brad Pitt","http://www.imdb.com/name/nm0000093/?ref_=ttfc_fc_cl_t772","1","http://www.imdb.com/character/ch0007141/?ref_=ttfc_fc_cl_t772","Will Colbert","http://www.imdb.com/character/ch0007141/?ref_=ttfc_fc_cl_t772"
"Hillary Matthews","http://www.imdb.com/name/nm0560041/?ref_=ttfc_fc_cl_t573","1",""
"Joe O'Connor","http://www.imdb.com/name/nm0640382/?ref_=ttfc_fc_cl_t574","1",""
"Amy Smallman","http://www.imdb.com/name/nm0806573/?ref_=ttfc_fc_cl_t575","1",""
"Charlton Heston","http://www.imdb.com/name/nm0000032/?ref_=ttfc_fc_cl_t577","1",""
"Robyn Pedretti","http://www.imdb.com/name/nm0670103/?ref_=ttfc_fc_cl_t578","1",""
"John Bennett Perry","http://www.imdb.com/name/nm0675134/?ref_=ttfc_fc_cl_t579","1",""
"Sherri Shepherd","http://www.imdb.com/name/nm0791868/?ref_=ttfc_fc_cl_t580","1",""
"Bill Blair","http://www.imdb.com/name/nm2909963/?ref_=ttfc_fc_cl_t785","1","http://www.imdb.com/character/ch0054177/?ref_=ttfc_fc_cl_t785","Convention Prankster","http://www.imdb.com/character/ch0054177/?ref_=ttfc_fc_cl_t785"
"June Whitfield","http://www.imdb.com/name/nm0925930/?ref_=ttfc_fc_cl_t582","1",""
"Sybil Azur","http://www.imdb.com/name/nm0044472/?ref_=ttfc_fc_cl_t583","1",""
"Rick Fitts","http://www.imdb.com/name/nm0280109/?ref_=ttfc_fc_cl_t584","1",""
"Ralph Manza","http://www.imdb.com/name/nm0544382/?ref_=ttfc_fc_cl_t585","1",""
"Gabi Simson","http://www.imdb.com/name/nm3042860/?ref_=ttfc_fc_cl_t586","1",""
"Dennis Singletary","http://www.imdb.com/name/nm0802275/?ref_=ttfc_fc_cl_t587","1",""
"Louisa Abernathy","http://www.imdb.com/name/nm0008657/?ref_=ttfc_fc_cl_t588","1",""
"Roger Eschbacher","http://www.imdb.com/name/nm0260241/?ref_=ttfc_fc_cl_t589","1",""
"Tori McPetrie","http://www.imdb.com/name/nm0574146/?ref_=ttfc_fc_cl_t590","1",""
"Susie Park","http://www.imdb.com/name/nm0661957/?ref_=ttfc_fc_cl_t591","1",""
"Renee Rogers","http://www.imdb.com/name/nm0737140/?ref_=ttfc_fc_cl_t592","1",""
"Anita Dashiell","http://www.imdb.com/name/nm1089463/?ref_=ttfc_fc_cl_t593","1",""
"Robyn Donny","http://www.imdb.com/name/nm0232846/?ref_=ttfc_fc_cl_t594","1",""
"Tim DeKay","http://www.imdb.com/name/nm0215229/?ref_=ttfc_fc_cl_t596","1",""
"John C. Moskoff","http://www.imdb.com/name/nm0608758/?ref_=ttfc_fc_cl_t597","1",""
"Greta Sesheta","http://www.imdb.com/name/nm0785900/?ref_=ttfc_fc_cl_t598","1",""
"Matthew Ashford","http://www.imdb.com/name/nm0038932/?ref_=ttfc_fc_cl_t600","1",""
"Michelle Anne Johnson","http://www.imdb.com/name/nm0425835/?ref_=ttfc_fc_cl_t601","1",""
"Cynthia Newman","http://www.imdb.com/name/nm0628050/?ref_=ttfc_fc_cl_t602","1",""
"Johnny Sneed","http://www.imdb.com/name/nm0810964/?ref_=ttfc_fc_cl_t603","1",""
"Kimberley Davies","http://www.imdb.com/name/nm0203808/?ref_=ttfc_fc_cl_t604","1",""
"Stan Sellers","http://www.imdb.com/name/nm0783378/?ref_=ttfc_fc_cl_t610","1",""
"Gene Crane","http://www.imdb.com/name/nm0186348/?ref_=ttfc_fc_cl_t611","1",""
"Lea DeLaria","http://www.imdb.com/name/nm0216466/?ref_=ttfc_fc_cl_t612","1",""
"Simon Harvey","http://www.imdb.com/name/nm0367719/?ref_=ttfc_fc_cl_t613","1",""
"Sierra Dawn Hill","http://www.imdb.com/name/nm0384678/?ref_=ttfc_fc_cl_t614","1",""
"Tahj Mowry","http://www.imdb.com/name/nm0005254/?ref_=ttfc_fc_cl_t615","1",""
"James E. Reilly","http://www.imdb.com/name/nm0717622/?ref_=ttfc_fc_cl_t616","1",""
"Stephen Samuels","http://www.imdb.com/name/nm2200693/?ref_=ttfc_fc_cl_t617","1",""
"Yasemin Baytok","http://www.imdb.com/name/nm0063234/?ref_=ttfc_fc_cl_t618","1",""
"'Big' John McCarthy","http://www.imdb.com/name/nm1853351/?ref_=ttfc_fc_cl_t619","1",""
"Lisa Melilli","http://www.imdb.com/name/nm0577748/?ref_=ttfc_fc_cl_t620","1",""
"Amber Smith","http://www.imdb.com/name/nm0807291/?ref_=ttfc_fc_cl_t621","1",""
"Brenda Isaacs Booth","http://www.imdb.com/name/nm0095652/?ref_=ttfc_fc_cl_t623","1",""
"Pat Crowley","http://www.imdb.com/name/nm0189774/?ref_=ttfc_fc_cl_t624","1",""
"Miles Marsico","http://www.imdb.com/name/nm0551271/?ref_=ttfc_fc_cl_t625","1",""
"Ian Meltzer","http://www.imdb.com/name/nm0578432/?ref_=ttfc_fc_cl_t627","1",""
"Steve Pierce","http://www.imdb.com/name/nm3050295/?ref_=ttfc_fc_cl_t628","1",""
"Andy Brewster","http://www.imdb.com/name/nm0108258/?ref_=ttfc_fc_cl_t629","1",""
"Larry Cox","http://www.imdb.com/name/nm0185124/?ref_=ttfc_fc_cl_t630","1",""
"David Moreland","http://www.imdb.com/name/nm0603655/?ref_=ttfc_fc_cl_t631","1",""
"Anil Raman","http://www.imdb.com/name/nm0707986/?ref_=ttfc_fc_cl_t632","1",""
"Eric Rutherford","http://www.imdb.com/name/nm0751966/?ref_=ttfc_fc_cl_t633","1",""
"Joe Coyle","http://www.imdb.com/name/nm0185377/?ref_=ttfc_fc_cl_t634","1",""
"Stephanie Dicker","http://www.imdb.com/name/nm0225379/?ref_=ttfc_fc_cl_t635","1",""
"Allen Lulu","http://www.imdb.com/name/nm0525806/?ref_=ttfc_fc_cl_t636","1",""
"Ivy Malone","http://www.imdb.com/name/nm1731497/?ref_=ttfc_fc_cl_t637","1",""
"Ashly Holloway","http://www.imdb.com/name/nm1057133/?ref_=ttfc_fc_cl_t638","1",""
"JoNell Kennedy","http://www.imdb.com/name/nm0448129/?ref_=ttfc_fc_cl_t639","1",""
"Tim Silva","http://www.imdb.com/name/nm0798532/?ref_=ttfc_fc_cl_t640","1",""
"Kristen Ariza","http://www.imdb.com/name/nm0034962/?ref_=ttfc_fc_cl_t641","1",""
"Paul Logan","http://www.imdb.com/name/nm0517638/?ref_=ttfc_fc_cl_t642","1",""
"Kyle Lowder","http://www.imdb.com/name/nm0522865/?ref_=ttfc_fc_cl_t643","1",""
"Ryan Carlberg","http://www.imdb.com/name/nm0137329/?ref_=ttfc_fc_cl_t645","1",""
"Tom Dugan","http://www.imdb.com/name/nm0240838/?ref_=ttfc_fc_cl_t646","1",""
"Lou Wills","http://www.imdb.com/name/nm2922336/?ref_=ttfc_fc_cl_t649","1",""
"Shashi Bhatia","http://www.imdb.com/name/nm0080296/?ref_=ttfc_fc_cl_t650","1",""
"Lawrence Mandley","http://www.imdb.com/name/nm0541849/?ref_=ttfc_fc_cl_t651","1",""
"Mindy Sterling","http://www.imdb.com/name/nm0827565/?ref_=ttfc_fc_cl_t652","1",""
"Hope Allen","http://www.imdb.com/name/nm0020576/?ref_=ttfc_fc_cl_t653","1",""
"Bruce Buffer","http://www.imdb.com/name/nm0119353/?ref_=ttfc_fc_cl_t654","1",""
"Vic Helford","http://www.imdb.com/name/nm2972290/?ref_=ttfc_fc_cl_t655","1",""
"Heidi Beck","http://www.imdb.com/name/nm2828393/?ref_=ttfc_fc_cl_t656","1",""
"Jane Carr","http://www.imdb.com/name/nm0139732/?ref_=ttfc_fc_cl_t657","1",""
"Jack Ong","http://www.imdb.com/name/nm0648643/?ref_=ttfc_fc_cl_t658","1",""
"Michael Naughton","http://www.imdb.com/name/nm0622558/?ref_=ttfc_fc_cl_t659","1",""
"Matt Weinberg","http://www.imdb.com/name/nm0918135/?ref_=ttfc_fc_cl_t660","1",""
"Cacey Riggan","http://www.imdb.com/name/nm3259855/?ref_=ttfc_fc_cl_t661","1",""
"Jacqueline Schultz","http://www.imdb.com/name/nm0776263/?ref_=ttfc_fc_cl_t662","1",""
"Nicholas Thomas","http://www.imdb.com/name/nm1242846/?ref_=ttfc_fc_cl_t663","1",""
"Jim Hanna","http://www.imdb.com/name/nm0360209/?ref_=ttfc_fc_cl_t664","1",""
"Michelle Haury","http://www.imdb.com/name/nm2627761/?ref_=ttfc_fc_cl_t665","1",""
"Laurie Okin","http://www.imdb.com/name/nm0161880/?ref_=ttfc_fc_cl_t666","1",""
"Claudia Stedelin","http://www.imdb.com/name/nm0824317/?ref_=ttfc_fc_cl_t667","1",""
"Aixa Clemente","http://www.imdb.com/name/nm0166128/?ref_=ttfc_fc_cl_t668","1",""
"Logan Hudson","http://www.imdb.com/name/nm0399912/?ref_=ttfc_fc_cl_t669","1",""
"Henriette Mantel","http://www.imdb.com/name/nm0544055/?ref_=ttfc_fc_cl_t670","1",""
"DeAnna Kane","http://www.imdb.com/name/nm1063603/?ref_=ttfc_fc_cl_t671","1",""
"Tracy Silver","http://www.imdb.com/name/nm0798811/?ref_=ttfc_fc_cl_t673","1",""
"Helen Eigenberg","http://www.imdb.com/name/nm1052414/?ref_=ttfc_fc_cl_t674","1",""
"Cyndi Martino","http://www.imdb.com/name/nm0553898/?ref_=ttfc_fc_cl_t675","1",""
"Patty Tiffany","http://www.imdb.com/name/nm1535581/?ref_=ttfc_fc_cl_t676","1",""
"D. Elliot Woods","http://www.imdb.com/name/nm0940555/?ref_=ttfc_fc_cl_t677","1",""
"Cheryl Francis Harrington","http://www.imdb.com/name/nm0364246/?ref_=ttfc_fc_cl_t678","1",""
"Matt Bellner","http://www.imdb.com/name/nm0004293/?ref_=ttfc_fc_cl_t679","1",""
"Tony Nichols","http://www.imdb.com/name/nm1329797/?ref_=ttfc_fc_cl_t680","1",""
"Jessica A. O'Sullivan","http://www.imdb.com/name/nm3092348/?ref_=ttfc_fc_cl_t681","1",""
"Dane Anthony","http://www.imdb.com/name/nm3103434/?ref_=ttfc_fc_cl_t682","1",""
"Megan Linder","http://www.imdb.com/name/nm1067569/?ref_=ttfc_fc_cl_t683","1",""
"Mary Margaret Lewis","http://www.imdb.com/name/nm0507531/?ref_=ttfc_fc_cl_t684","1",""
"Karman Kruschke","http://www.imdb.com/name/nm0472820/?ref_=ttfc_fc_cl_t685","1",""
"Daniel Caltagirone","http://www.imdb.com/name/nm0130736/?ref_=ttfc_fc_cl_t686","1",""
"Steffani Brass","http://www.imdb.com/name/nm0105438/?ref_=ttfc_fc_cl_t687","1",""
"Kendall Hebert","http://www.imdb.com/name/nm3103328/?ref_=ttfc_fc_cl_t688","1",""
"Craig Robinson","http://www.imdb.com/name/nm0732497/?ref_=ttfc_fc_cl_t689","1",""
"Heathcote Williams","http://www.imdb.com/name/nm0930748/?ref_=ttfc_fc_cl_t690","1",""
"Mark Daniel Cade","http://www.imdb.com/name/nm0128110/?ref_=ttfc_fc_cl_t691","1",""
"Rachel Snow","http://www.imdb.com/name/nm0811310/?ref_=ttfc_fc_cl_t693","1",""
"Laura Margolis","http://www.imdb.com/name/nm1363967/?ref_=ttfc_fc_cl_t694","1",""
"Karin Co","http://www.imdb.com/name/nm0167531/?ref_=ttfc_fc_cl_t695","1",""
"Jimmy Palumbo","http://www.imdb.com/name/nm0658861/?ref_=ttfc_fc_cl_t696","1",""
"Sarah Rush","http://www.imdb.com/name/nm0750706/?ref_=ttfc_fc_cl_t697","1",""
"Willie Basse","http://www.imdb.com/name/nm1274437/?ref_=ttfc_fc_cl_t698","1",""
"Jill Melody","http://www.imdb.com/name/nm4842609/?ref_=ttfc_fc_cl_t700","1",""
"Richard Saxton","http://www.imdb.com/name/nm0768377/?ref_=ttfc_fc_cl_t701","1",""
"Pamela Kosh","http://www.imdb.com/name/nm0467015/?ref_=ttfc_fc_cl_t702","1",""
"Shannon Brown","http://www.imdb.com/name/nm4574737/?ref_=ttfc_fc_cl_t703","1",""
"Ferdinand Mehlinger","http://www.imdb.com/name/nm4238648/?ref_=ttfc_fc_cl_t704","1",""
"Alex Boling","http://www.imdb.com/name/nm0092998/?ref_=ttfc_fc_cl_t705","1",""
"George Alan","http://www.imdb.com/name/nm1328559/?ref_=ttfc_fc_cl_t706","1",""
"Jason Carroll","http://www.imdb.com/name/nm2875904/?ref_=ttfc_fc_cl_t707","1",""
"André Fortin","http://www.imdb.com/name/nm0287285/?ref_=ttfc_fc_cl_t708","1",""
"Danielle Vasinova","http://www.imdb.com/name/nm2141059/?ref_=ttfc_fc_cl_t709","1",""
"Tony Sagastizado I","http://www.imdb.com/name/nm0756022/?ref_=ttfc_fc_cl_t713","3",""
"Kevin Bright","http://www.imdb.com/name/nm0109159/?ref_=ttfc_fc_cl_t714","uncredited)
(2",""
"Marta Kauffman","http://www.imdb.com/name/nm0442035/?ref_=ttfc_fc_cl_t715","uncredited)
(2",""
"Anthony Backman","http://www.imdb.com/name/nm1295801/?ref_=ttfc_fc_cl_t716","2",""
"Thomas James Kepner","http://www.imdb.com/name/nm2044475/?ref_=ttfc_fc_cl_t717","uncredited)
(2",""
"Paxton Culpepper","http://www.imdb.com/name/nm1318659/?ref_=ttfc_fc_cl_t718","uncredited)
(2",""
"Roger Hamilton","http://www.imdb.com/name/nm0358132/?ref_=ttfc_fc_cl_t720","uncredited)
(2",""
"J Graigory","http://www.imdb.com/name/nm0334413/?ref_=ttfc_fc_cl_t721","2",""
"Jeannette Papineau","http://www.imdb.com/name/nm4643800/?ref_=ttfc_fc_cl_t722","uncredited)
(2",""
"Angelica Roberts","http://www.imdb.com/name/nm1036824/?ref_=ttfc_fc_cl_t723","2",""
"James Burrows","http://www.imdb.com/name/nm0123273/?ref_=ttfc_fc_cl_t724","1",""
"Lumi Cavazos","http://www.imdb.com/name/nm0004816/?ref_=ttfc_fc_cl_t725","1",""
"Dick Clark","http://www.imdb.com/name/nm0163863/?ref_=ttfc_fc_cl_t726","1",""
"Jillian Fontaine","http://www.imdb.com/name/nm1676550/?ref_=ttfc_fc_cl_t727","1",""
"David Sobel","http://www.imdb.com/name/nm0811751/?ref_=ttfc_fc_cl_t729","1",""
"Asher Isbrucker","http://www.imdb.com/name/nm6076042/?ref_=ttfc_fc_cl_t730","1",""
"Jay Leno","http://www.imdb.com/name/nm0005143/?ref_=ttfc_fc_cl_t731","1",""
"Jack Riley","http://www.imdb.com/name/nm0727051/?ref_=ttfc_fc_cl_t732","1",""
"Alex Spencer","http://www.imdb.com/name/nm2181043/?ref_=ttfc_fc_cl_t733","1",""
"Darin Mangan","http://www.imdb.com/name/nm2209357/?ref_=ttfc_fc_cl_t736","1",""
"Dan Martin","http://www.imdb.com/name/nm0552129/?ref_=ttfc_fc_cl_t737","1",""
"May Wang","http://www.imdb.com/name/nm1249901/?ref_=ttfc_fc_cl_t738","1",""
"David Abbott","http://www.imdb.com/name/nm0007957/?ref_=ttfc_fc_cl_t739","1",""
"Robert Aguilar Jr.","http://www.imdb.com/name/nm0013462/?ref_=ttfc_fc_cl_t740","1",""
"Peter Bonerz","http://www.imdb.com/name/nm0094288/?ref_=ttfc_fc_cl_t741","1",""
"Billy Crystal","http://www.imdb.com/name/nm0000345/?ref_=ttfc_fc_cl_t742","1",""
"Holly Gagnier","http://www.imdb.com/name/nm0300939/?ref_=ttfc_fc_cl_t743","1",""
"Andre M. Johnson","http://www.imdb.com/name/nm2599564/?ref_=ttfc_fc_cl_t744","uncredited)
(1",""
"Lisa Maris","http://www.imdb.com/name/nm0548054/?ref_=ttfc_fc_cl_t745","1",""
"Dena Miceli","http://www.imdb.com/name/nm5742580/?ref_=ttfc_fc_cl_t746","1",""
"Scott Sandler","http://www.imdb.com/name/nm0761998/?ref_=ttfc_fc_cl_t747","1",""
"Ira Ungerleider","http://www.imdb.com/name/nm0881206/?ref_=ttfc_fc_cl_t748","uncredited)
(1",""
"Robin Williams","http://www.imdb.com/name/nm0000245/?ref_=ttfc_fc_cl_t749","1",""
"Nick East","http://www.imdb.com/name/nm0247544/?ref_=ttfc_fc_cl_t750","1",""
"Joe Fedio","http://www.imdb.com/name/nm0270164/?ref_=ttfc_fc_cl_t751","1",""
"John Luder","http://www.imdb.com/name/nm2534958/?ref_=ttfc_fc_cl_t752","uncredited)
(1",""
"Greg Malins","http://www.imdb.com/name/nm0539719/?ref_=ttfc_fc_cl_t753","1",""
"Johan-Carl Nowack","http://www.imdb.com/name/nm0637327/?ref_=ttfc_fc_cl_t754","1",""
"Craig Strong","http://www.imdb.com/name/nm0834959/?ref_=ttfc_fc_cl_t755","1",""
"Mikkel Winther","http://www.imdb.com/name/nm1116072/?ref_=ttfc_fc_cl_t756","1",""
"Paul Gebeau","http://www.imdb.com/name/nm1237772/?ref_=ttfc_fc_cl_t757","uncredited)
(1",""
"Alex Kalognomos","http://www.imdb.com/name/nm0162957/?ref_=ttfc_fc_cl_t758","1",""
"James Paradise","http://www.imdb.com/name/nm0660860/?ref_=ttfc_fc_cl_t759","1",""
"Kelly C. Ryan","http://www.imdb.com/name/nm3221361/?ref_=ttfc_fc_cl_t760","uncredited)
(1",""
"Preston James Hillier","http://www.imdb.com/name/nm1159215/?ref_=ttfc_fc_cl_t761","1",""
"Ben Hisoler","http://www.imdb.com/name/nm1911241/?ref_=ttfc_fc_cl_t762","1",""
"Shane Keller","http://www.imdb.com/name/nm0445762/?ref_=ttfc_fc_cl_t763","1",""
"Elizabeth Talbot-Adams","http://www.imdb.com/name/nm3520378/?ref_=ttfc_fc_cl_t764","1",""
"Ian Thorpe","http://www.imdb.com/name/nm0861669/?ref_=ttfc_fc_cl_t765","1",""
"Chad Wingerd","http://www.imdb.com/name/nm0935034/?ref_=ttfc_fc_cl_t766","1",""
"Jeffrey Asch","http://www.imdb.com/name/nm0038472/?ref_=ttfc_fc_cl_t767","1",""
"Kim Delgado","http://www.imdb.com/name/nm0216991/?ref_=ttfc_fc_cl_t768","1",""
"Sarfraz Manzoor","http://www.imdb.com/name/nm1876954/?ref_=ttfc_fc_cl_t769","1",""
"Christopher Michael","http://www.imdb.com/name/nm0584091/?ref_=ttfc_fc_cl_t770","1",""
"Janelle Pierzina","http://www.imdb.com/name/nm1376117/?ref_=ttfc_fc_cl_t771","1",""
"Kurtis Rintala","http://www.imdb.com/name/nm0727763/?ref_=ttfc_fc_cl_t773","1",""
"Jeri Slaughter","http://www.imdb.com/name/nm1409648/?ref_=ttfc_fc_cl_t774","1",""
"Kevin Alexander Stea","http://www.imdb.com/name/nm0824084/?ref_=ttfc_fc_cl_t775","1",""
"Vanessa White","http://www.imdb.com/name/nm0925552/?ref_=ttfc_fc_cl_t776","1",""
"Bob Bencomo","http://www.imdb.com/name/nm2557152/?ref_=ttfc_fc_cl_t777","1",""
"Joel Berti","http://www.imdb.com/name/nm0078052/?ref_=ttfc_fc_cl_t778","1",""
"Michael Burgess","http://www.imdb.com/name/nm0121327/?ref_=ttfc_fc_cl_t779","1",""
"Phil Donlon","http://www.imdb.com/name/nm1065111/?ref_=ttfc_fc_cl_t780","1",""
"Jodi Knotts","http://www.imdb.com/name/nm0461458/?ref_=ttfc_fc_cl_t781","1",""
"Michael Kurtz","http://www.imdb.com/name/nm0476044/?ref_=ttfc_fc_cl_t782","1",""
"Ben Shephard","http://www.imdb.com/name/nm1400023/?ref_=ttfc_fc_cl_t783","1",""
"Danielle Stratton","http://www.imdb.com/name/nm2040618/?ref_=ttfc_fc_cl_t784","1",""
"Mary Castro","http://www.imdb.com/name/nm1742743/?ref_=ttfc_fc_cl_t786","1",""
"Susan Chuang","http://www.imdb.com/name/nm0160930/?ref_=ttfc_fc_cl_t787","1",""
"Bernard Curioso","http://www.imdb.com/name/nm3784065/?ref_=ttfc_fc_cl_t788","1",""
"Farah Fath","http://www.imdb.com/name/nm0268841/?ref_=ttfc_fc_cl_t789","1",""
"Gregory Graham","http://www.imdb.com/name/nm1782570/?ref_=ttfc_fc_cl_t790","1",""
"John Rhymes","http://www.imdb.com/name/nm2755503/?ref_=ttfc_fc_cl_t791","1",""
"John Damien Ryan","http://www.imdb.com/name/nm0752633/?ref_=ttfc_fc_cl_t792","1",""
"Alexis Thorpe","http://www.imdb.com/name/nm0005490/?ref_=ttfc_fc_cl_t793","1",""
"George Adams","http://www.imdb.com/name/nm1453507/?ref_=ttfc_fc_cl_t794","1",""
"Valerie Anastasias","http://www.imdb.com/name/nm4164960/?ref_=ttfc_fc_cl_t795","1",""
"Edward James Gage","http://www.imdb.com/name/nm0300803/?ref_=ttfc_fc_cl_t796","1",""
"Rachael L. Hollingsworth","http://www.imdb.com/name/nm0391151/?ref_=ttfc_fc_cl_t797","1",""
"Chris McNair","http://www.imdb.com/name/nm2446368/?ref_=ttfc_fc_cl_t798","1",""
"John O. Nelson","http://www.imdb.com/name/nm1120430/?ref_=ttfc_fc_cl_t799","1",""
"Paula Newsome","http://www.imdb.com/name/nm0628420/?ref_=ttfc_fc_cl_t800","1",""
"Garrison Taylor","http://www.imdb.com/name/nm2903892/?ref_=ttfc_fc_cl_t801","1",""


